"MutantName","Test1","Test2","Test3","Test4","Test5","Test6","Test7","Test8","Test9","Test10","Test11","Test12","Test13","Test14","Test15","Test16","Test17","Test18","Test19","Test20","Test21","Test22","Test23","Test24","Test25","Test26","Test27","Test28","Test29","Test30","Test31","Test32","Test33","Test34","Test35","Test36","Test37","Test38","Test39","Test40","Test41","Test42","Test43","Test44","Test45","Test46","Test47","Test48","Test49","Test50","Test51","Test52","Test53","Test54","Test55","Test56","Test57","Test58","Test59","Test60","Test61","Test62","Test63","Test64","Test65","Test66","Test67","Test68","Test69","Test70","Test71","Test72","Test73","Test74","Test75","Test76","Test77","Test78","Test79","Test80","Test81","Test82","Test83","Test84","Test85","Test86","Test87","Test88","Test89","Test90","Test91","Test92","Test93","Test94","Test95","Test96","Test97","Test98","Test99","Test100","Test101","Test102","Test103","Test104","Test105","Test106","Test107","Test108","Test109","MutantKilled?"
"CHANGEAS1","Pass","Pass","Pass","Pass","Pass","Pass","Pass","Pass","Pass","Pass","Pass","Pass","Pass","Pass","Pass","Pass","Pass","Pass","Pass","Pass","Pass","Pass","Pass","Pass","Pass","Pass","Pass","Pass","Pass","Pass","Pass","Pass","Pass","Pass","Pass","Pass","Pass","Pass","Pass","Pass","Pass","Pass","Pass","Pass","Pass","Pass","Pass","Pass","Pass","Pass","Pass","Pass","Pass","Pass","Pass","Pass","Pass","Pass","Pass","Pass","Pass","Pass","Pass","Pass","Pass","Pass","Pass","Pass","Pass","Pass","Pass","Pass","Pass","Pass","Pass","Pass","Pass","Pass","Pass","Pass","Pass","Pass","Pass","Pass","Pass","Pass","Pass","Pass","Pass","Pass","Pass","Pass","Pass","Pass","Pass","Pass","Pass","Pass","Pass","Pass","Pass","Pass","Pass","Pass","Pass","Pass","Pass","Pass","Pass","No"
"CHANGEAS2","Pass","Pass","Pass","Pass","Pass","Pass","Pass","Pass","Pass","Pass","Pass","Pass","Pass","Pass","Pass","Pass","Pass","Pass","Pass","Pass","Pass","Pass","Pass","Pass","Pass","Pass","Pass","Pass","Pass","Pass","Pass","Pass","Pass","Pass","Pass","Pass","Pass","Pass","Pass","Pass","Pass","Pass","Pass","Pass","Pass","Pass","Pass","Pass","Pass","Pass","Pass","Pass","Pass","Pass","Pass","Pass","Pass","Pass","Pass","Pass","Pass","Pass","Pass","Pass","Pass","Pass","Pass","Pass","Pass","Pass","Pass","Pass","Pass","Pass","Pass","Pass","Pass","Pass","Pass","Pass","Pass","Pass","Pass","Pass","Pass","Pass","Pass","Pass","Pass","Pass","Pass","Pass","Pass","Pass","Pass","Pass","Pass","Pass","Pass","Pass","Pass","Pass","Pass","Pass","Pass","Pass","Pass","Pass","Pass","No"
"CHANGEAS3","Pass","Pass","Pass","Pass","Pass","Pass","Pass","Pass","Pass","Pass","Pass","Pass","Pass","Pass","Pass","Pass","Pass","Pass","Pass","Pass","Pass","Pass","Pass","Pass","Pass","Pass","Pass","Pass","Pass","Pass","Pass","Pass","Pass","Pass","Pass","Pass","Pass","Pass","Pass","Pass","Pass","Pass","Pass","Pass","Pass","Pass","Pass","Pass","Pass","Pass","Pass","Pass","Pass","Pass","Pass","Pass","Pass","Pass","Pass","Pass","Pass","Pass","Pass","Pass","Pass","Pass","Pass","Pass","Pass","Pass","Pass","Pass","Pass","Pass","Pass","Pass","Pass","Pass","Pass","Pass","Pass","Pass","Pass","Pass","Pass","Pass","Pass","Pass","Pass","Pass","Pass","Pass","Pass","Pass","Pass","Pass","Pass","Pass","Pass","Pass","Pass","Pass","Pass","Pass","Pass","Pass","Pass","Pass","Pass","No"
"CHANGEAS4","Pass","Pass","Pass","Pass","Pass","Pass","Pass","Pass","Pass","Pass","Pass","Pass","Pass","Pass","Pass","Pass","Pass","Pass","Pass","Pass","Pass","Pass","Pass","Pass","Pass","Pass","Pass","Pass","Pass","Pass","Pass","Pass","Pass","Pass","Pass","Pass","Pass","Pass","Pass","Pass","Pass","Pass","Pass","Pass","Pass","Pass","Pass","Pass","Pass","Pass","Pass","Pass","Pass","Pass","Pass","Pass","Pass","Pass","Pass","Pass","Pass","Pass","Pass","Pass","Pass","Pass","Pass","Pass","Pass","Pass","Pass","Pass","Pass","Pass","Pass","Pass","Pass","Pass","Pass","Pass","Pass","Pass","Pass","Pass","Pass","Pass","Pass","Pass","Pass","Pass","Pass","Pass","Pass","Pass","Pass","Pass","Pass","Pass","Pass","Pass","Pass","Pass","Pass","Pass","Pass","Pass","Pass","Pass","Pass","No"
"CHANGEAS5","Pass","Pass","Pass","Pass","Pass","Pass","Pass","Pass","Pass","Pass","Pass","Pass","Pass","Pass","Pass","Pass","Pass","Pass","Pass","Pass","Pass","Pass","Pass","Pass","Pass","Pass","Pass","Pass","Pass","Pass","Pass","Pass","Pass","Pass","Pass","Pass","Pass","Pass","Pass","Pass","Pass","Pass","Pass","Pass","Pass","Pass","Pass","Pass","Pass","Pass","Pass","Pass","Pass","Pass","Pass","Pass","Pass","Pass","Pass","Pass","Pass","Pass","Pass","Pass","Pass","Pass","Pass","Pass","Pass","Pass","Pass","Pass","Pass","Pass","Pass","Pass","Pass","Pass","Pass","Pass","Pass","Pass","Pass","Pass","Pass","Pass","Pass","Pass","Pass","Pass","Pass","Pass","Pass","Pass","Pass","Pass","Pass","Pass","Pass","Pass","Pass","Pass","Pass","Pass","Pass","Pass","Pass","Pass","Pass","No"
"CHANGEAS6","Pass","Pass","Pass","Pass","Pass","Pass","Pass","Pass","Pass","Pass","Pass","Fail","Pass","Pass","Pass","Pass","Pass","Pass","Pass","Pass","Pass","Pass","Pass","Pass","Fail","Pass","Pass","Fail","Pass","Pass","Pass","Pass","Pass","Pass","Pass","Pass","Pass","Pass","Pass","Pass","Pass","Pass","Pass","Pass","Pass","Pass","Pass","Pass","Pass","Pass","Pass","Pass","Pass","Pass","Pass","Pass","Pass","Pass","Pass","Pass","Pass","Pass","Pass","Pass","Pass","Pass","Pass","Pass","Pass","Pass","Pass","Pass","Pass","Pass","Pass","Pass","Pass","Pass","Pass","Pass","Pass","Pass","Pass","Pass","Pass","Pass","Pass","Pass","Pass","Pass","Pass","Pass","Pass","Pass","Pass","Pass","Pass","Pass","Pass","Pass","Pass","Pass","Pass","Pass","Pass","Pass","Pass","Pass","Pass","Yes"
"CHANGEAS7","Pass","Pass","Pass","Pass","Pass","Pass","Pass","Pass","Pass","Pass","Pass","Fail","Pass","Pass","Pass","Pass","Pass","Pass","Pass","Pass","Pass","Pass","Pass","Pass","Fail","Pass","Pass","Fail","Pass","Pass","Pass","Pass","Pass","Pass","Pass","Pass","Pass","Pass","Pass","Pass","Pass","Pass","Pass","Pass","Pass","Pass","Pass","Pass","Pass","Pass","Pass","Pass","Pass","Pass","Pass","Pass","Pass","Pass","Pass","Pass","Pass","Pass","Pass","Pass","Pass","Pass","Pass","Pass","Pass","Pass","Pass","Pass","Pass","Pass","Pass","Pass","Pass","Pass","Pass","Pass","Pass","Pass","Pass","Pass","Pass","Pass","Pass","Pass","Pass","Pass","Pass","Pass","Pass","Pass","Pass","Pass","Pass","Pass","Pass","Pass","Pass","Pass","Pass","Pass","Pass","Pass","Pass","Pass","Pass","Yes"
"CHANGEAS8","Pass","Pass","Pass","Pass","Pass","Pass","Pass","Pass","Pass","Pass","Pass","Fail","Pass","Pass","Pass","Pass","Pass","Pass","Pass","Pass","Pass","Pass","Pass","Pass","Fail","Pass","Pass","Fail","Pass","Pass","Pass","Pass","Pass","Pass","Pass","Pass","Pass","Pass","Pass","Pass","Pass","Pass","Pass","Pass","Pass","Pass","Pass","Pass","Pass","Pass","Pass","Pass","Pass","Pass","Pass","Pass","Pass","Pass","Pass","Pass","Pass","Pass","Pass","Pass","Pass","Pass","Pass","Pass","Pass","Pass","Pass","Pass","Pass","Pass","Pass","Fail","Pass","Pass","Pass","Fail","Fail","Fail","Pass","Pass","Pass","Fail","Fail","Pass","Fail","Fail","Pass","Fail","Fail","Pass","Pass","Pass","Pass","Pass","Pass","Pass","Pass","Pass","Fail","Pass","Pass","Fail","Pass","Pass","Pass","Yes"
"CHANGEAS9","Pass","Pass","Pass","Pass","Pass","Pass","Pass","Pass","Pass","Pass","Pass","Fail","Pass","Pass","Pass","Pass","Pass","Pass","Pass","Pass","Pass","Pass","Pass","Pass","Fail","Pass","Pass","Fail","Pass","Pass","Pass","Pass","Pass","Pass","Pass","Pass","Pass","Pass","Pass","Pass","Pass","Pass","Pass","Pass","Pass","Pass","Pass","Pass","Pass","Pass","Pass","Pass","Pass","Pass","Pass","Pass","Pass","Pass","Pass","Pass","Pass","Pass","Pass","Pass","Pass","Pass","Pass","Pass","Pass","Pass","Pass","Pass","Pass","Pass","Pass","Pass","Pass","Pass","Pass","Pass","Pass","Pass","Pass","Pass","Pass","Pass","Pass","Pass","Pass","Pass","Pass","Pass","Pass","Pass","Pass","Pass","Pass","Pass","Pass","Pass","Pass","Pass","Pass","Pass","Pass","Pass","Pass","Pass","Pass","Yes"
"CHANGEAS10","Pass","Pass","Pass","Pass","Pass","Pass","Pass","Pass","Pass","Pass","Pass","Pass","Pass","Pass","Pass","Pass","Pass","Pass","Pass","Pass","Pass","Pass","Pass","Pass","Pass","Pass","Pass","Pass","Pass","Pass","Pass","Pass","Pass","Pass","Pass","Pass","Pass","Pass","Pass","Pass","Pass","Pass","Pass","Pass","Pass","Pass","Pass","Pass","Pass","Pass","Pass","Pass","Pass","Pass","Pass","Pass","Pass","Pass","Pass","Pass","Pass","Pass","Pass","Pass","Pass","Pass","Pass","Pass","Pass","Pass","Pass","Pass","Pass","Pass","Pass","Pass","Pass","Pass","Pass","Pass","Pass","Pass","Pass","Pass","Pass","Pass","Pass","Pass","Pass","Pass","Pass","Pass","Pass","Pass","Pass","Pass","Pass","Pass","Pass","Pass","Pass","Pass","Pass","Pass","Pass","Pass","Pass","Pass","Pass","No"
"CHANGEAS11","Pass","Pass","Pass","Pass","Pass","Pass","Pass","Pass","Pass","Pass","Pass","Pass","Pass","Pass","Pass","Pass","Pass","Pass","Pass","Pass","Pass","Pass","Pass","Pass","Pass","Pass","Pass","Pass","Pass","Pass","Pass","Pass","Pass","Pass","Pass","Pass","Pass","Pass","Pass","Pass","Pass","Pass","Pass","Pass","Pass","Pass","Pass","Pass","Pass","Pass","Pass","Pass","Pass","Pass","Pass","Pass","Pass","Pass","Pass","Pass","Pass","Pass","Pass","Pass","Pass","Pass","Pass","Pass","Pass","Pass","Pass","Pass","Pass","Pass","Pass","Pass","Pass","Pass","Pass","Pass","Pass","Pass","Pass","Pass","Pass","Pass","Pass","Pass","Pass","Pass","Pass","Pass","Pass","Pass","Pass","Pass","Pass","Pass","Pass","Pass","Pass","Pass","Pass","Pass","Pass","Pass","Pass","Pass","Pass","No"
"CHANGEAS12","Pass","Pass","Pass","Pass","Pass","Pass","Pass","Pass","Pass","Pass","Pass","Pass","Pass","Pass","Pass","Pass","Pass","Pass","Pass","Pass","Pass","Pass","Pass","Pass","Pass","Pass","Pass","Pass","Pass","Pass","Pass","Pass","Pass","Pass","Pass","Pass","Pass","Pass","Pass","Pass","Pass","Pass","Pass","Pass","Pass","Pass","Pass","Pass","Pass","Pass","Pass","Pass","Pass","Pass","Pass","Pass","Pass","Pass","Pass","Pass","Pass","Pass","Pass","Pass","Pass","Pass","Pass","Pass","Pass","Pass","Pass","Pass","Pass","Pass","Pass","Pass","Pass","Pass","Pass","Pass","Pass","Pass","Pass","Pass","Pass","Pass","Pass","Pass","Pass","Pass","Pass","Pass","Pass","Pass","Pass","Pass","Pass","Pass","Pass","Pass","Pass","Pass","Pass","Pass","Pass","Pass","Pass","Pass","Pass","No"
"CHANGEAS13","Pass","Pass","Pass","Pass","Pass","Pass","Pass","Pass","Pass","Pass","Pass","Pass","Pass","Pass","Pass","Pass","Pass","Pass","Pass","Pass","Pass","Pass","Pass","Pass","Pass","Pass","Pass","Pass","Pass","Pass","Pass","Pass","Pass","Pass","Pass","Pass","Pass","Pass","Pass","Pass","Pass","Pass","Pass","Pass","Pass","Pass","Pass","Pass","Pass","Pass","Pass","Pass","Pass","Pass","Pass","Pass","Pass","Pass","Pass","Pass","Pass","Pass","Pass","Pass","Pass","Pass","Pass","Pass","Pass","Fail","Pass","Pass","Pass","Pass","Pass","Pass","Pass","Pass","Pass","Pass","Pass","Pass","Pass","Pass","Pass","Pass","Pass","Pass","Pass","Pass","Pass","Pass","Pass","Pass","Pass","Pass","Pass","Pass","Pass","Pass","Pass","Pass","Pass","Pass","Pass","Pass","Fail","Fail","Pass","Yes"
"CHANGEAS14","Pass","Pass","Pass","Pass","Pass","Pass","Pass","Pass","Pass","Pass","Pass","Pass","Pass","Pass","Pass","Pass","Pass","Pass","Pass","Pass","Pass","Pass","Pass","Pass","Pass","Pass","Pass","Pass","Pass","Pass","Pass","Pass","Pass","Pass","Pass","Pass","Pass","Pass","Pass","Pass","Pass","Pass","Pass","Pass","Pass","Pass","Pass","Pass","Pass","Pass","Pass","Pass","Pass","Pass","Pass","Pass","Pass","Pass","Pass","Pass","Pass","Pass","Pass","Pass","Pass","Pass","Pass","Pass","Pass","Pass","Pass","Pass","Pass","Pass","Pass","Pass","Pass","Pass","Pass","Pass","Pass","Pass","Pass","Pass","Pass","Pass","Pass","Pass","Pass","Pass","Pass","Pass","Pass","Pass","Pass","Pass","Pass","Pass","Pass","Pass","Pass","Pass","Pass","Pass","Pass","Pass","Pass","Pass","Pass","No"
"CHANGEAS15","Pass","Pass","Pass","Pass","Pass","Pass","Pass","Pass","Pass","Pass","Pass","Pass","Pass","Pass","Pass","Pass","Pass","Pass","Pass","Pass","Pass","Pass","Pass","Pass","Pass","Pass","Pass","Pass","Pass","Pass","Pass","Pass","Pass","Pass","Pass","Pass","Pass","Pass","Pass","Pass","Pass","Pass","Pass","Pass","Pass","Pass","Pass","Pass","Pass","Pass","Pass","Pass","Pass","Pass","Pass","Pass","Pass","Pass","Pass","Pass","Pass","Pass","Pass","Pass","Pass","Pass","Pass","Pass","Pass","Pass","Pass","Pass","Pass","Pass","Pass","Pass","Pass","Pass","Pass","Pass","Pass","Pass","Pass","Pass","Pass","Pass","Pass","Pass","Pass","Pass","Pass","Pass","Pass","Pass","Pass","Pass","Pass","Pass","Pass","Pass","Pass","Pass","Pass","Pass","Pass","Pass","Pass","Pass","Pass","No"
"CHANGEAS16","Pass","Pass","Pass","Pass","Pass","Pass","Pass","Pass","Pass","Pass","Pass","Pass","Pass","Pass","Pass","Pass","Pass","Pass","Pass","Pass","Pass","Pass","Pass","Pass","Pass","Pass","Pass","Pass","Pass","Pass","Pass","Pass","Pass","Pass","Pass","Pass","Pass","Pass","Pass","Pass","Pass","Pass","Pass","Pass","Pass","Pass","Pass","Pass","Pass","Pass","Pass","Pass","Pass","Pass","Pass","Pass","Pass","Pass","Pass","Pass","Pass","Pass","Pass","Pass","Pass","Pass","Pass","Pass","Pass","Pass","Pass","Pass","Pass","Pass","Pass","Pass","Pass","Pass","Pass","Pass","Pass","Pass","Pass","Pass","Pass","Pass","Pass","Pass","Pass","Pass","Pass","Pass","Pass","Pass","Pass","Pass","Pass","Pass","Pass","Pass","Pass","Pass","Pass","Pass","Pass","Pass","Pass","Pass","Pass","No"
"CHANGEAS17","Pass","Pass","Pass","Pass","Pass","Pass","Pass","Pass","Pass","Pass","Pass","Pass","Pass","Pass","Pass","Pass","Pass","Pass","Pass","Pass","Pass","Pass","Pass","Pass","Pass","Pass","Pass","Pass","Pass","Pass","Pass","Pass","Pass","Pass","Pass","Pass","Pass","Pass","Pass","Pass","Pass","Pass","Pass","Pass","Pass","Pass","Pass","Pass","Pass","Pass","Pass","Pass","Pass","Pass","Pass","Pass","Pass","Pass","Pass","Pass","Pass","Pass","Pass","Pass","Pass","Pass","Pass","Pass","Pass","Pass","Pass","Pass","Pass","Pass","Pass","Pass","Pass","Pass","Pass","Pass","Pass","Pass","Pass","Pass","Pass","Pass","Pass","Pass","Pass","Pass","Pass","Pass","Pass","Pass","Pass","Pass","Pass","Pass","Pass","Pass","Pass","Pass","Pass","Pass","Pass","Pass","Pass","Pass","Pass","No"
"CHANGEAS18","Pass","Pass","Pass","Pass","Pass","Pass","Pass","Pass","Pass","Pass","Pass","Pass","Pass","Pass","Pass","Pass","Pass","Pass","Pass","Pass","Pass","Pass","Pass","Pass","Pass","Pass","Pass","Pass","Pass","Pass","Pass","Pass","Pass","Pass","Pass","Pass","Pass","Pass","Pass","Pass","Pass","Pass","Pass","Pass","Pass","Pass","Pass","Pass","Pass","Pass","Pass","Pass","Pass","Pass","Pass","Pass","Pass","Pass","Pass","Pass","Pass","Pass","Pass","Pass","Pass","Pass","Pass","Pass","Pass","Pass","Pass","Pass","Pass","Pass","Pass","Pass","Pass","Pass","Pass","Pass","Pass","Pass","Pass","Pass","Pass","Pass","Pass","Pass","Pass","Pass","Pass","Pass","Pass","Pass","Pass","Pass","Pass","Pass","Pass","Pass","Pass","Pass","Pass","Pass","Pass","Pass","Pass","Pass","Pass","No"
"CHANGEAS19","Pass","Pass","Pass","Pass","Pass","Pass","Pass","Pass","Pass","Pass","Pass","Pass","Pass","Pass","Pass","Pass","Pass","Pass","Pass","Pass","Pass","Pass","Pass","Pass","Pass","Pass","Pass","Pass","Pass","Pass","Pass","Pass","Pass","Pass","Pass","Pass","Pass","Pass","Pass","Pass","Pass","Pass","Pass","Pass","Pass","Pass","Pass","Pass","Pass","Pass","Pass","Pass","Pass","Pass","Pass","Pass","Pass","Pass","Pass","Pass","Pass","Pass","Pass","Pass","Pass","Pass","Pass","Pass","Pass","Pass","Pass","Pass","Pass","Pass","Pass","Pass","Pass","Pass","Pass","Pass","Pass","Pass","Pass","Pass","Pass","Pass","Pass","Pass","Pass","Pass","Pass","Pass","Pass","Pass","Pass","Pass","Pass","Pass","Pass","Pass","Pass","Pass","Pass","Pass","Pass","Pass","Pass","Pass","Pass","No"
"CHANGEAS20","Pass","Pass","Pass","Pass","Pass","Pass","Pass","Pass","Pass","Pass","Pass","Pass","Pass","Pass","Pass","Pass","Pass","Pass","Pass","Pass","Pass","Pass","Pass","Pass","Pass","Pass","Pass","Pass","Pass","Pass","Pass","Pass","Pass","Pass","Pass","Pass","Pass","Pass","Pass","Pass","Pass","Pass","Pass","Pass","Pass","Pass","Pass","Pass","Pass","Pass","Pass","Pass","Pass","Pass","Pass","Pass","Pass","Pass","Pass","Pass","Pass","Pass","Pass","Pass","Pass","Pass","Pass","Pass","Pass","Pass","Pass","Pass","Pass","Pass","Pass","Pass","Pass","Pass","Pass","Pass","Pass","Pass","Pass","Pass","Pass","Pass","Pass","Pass","Pass","Pass","Pass","Pass","Pass","Pass","Pass","Pass","Pass","Pass","Pass","Pass","Pass","Pass","Pass","Pass","Pass","Pass","Pass","Pass","Pass","No"
"CHANGEAS21","Pass","Pass","Pass","Pass","Pass","Pass","Pass","Pass","Pass","Pass","Pass","Pass","Pass","Pass","Pass","Pass","Pass","Pass","Pass","Pass","Pass","Pass","Pass","Pass","Pass","Pass","Pass","Pass","Pass","Pass","Pass","Pass","Pass","Pass","Pass","Pass","Pass","Pass","Pass","Pass","Pass","Pass","Pass","Pass","Pass","Pass","Pass","Pass","Pass","Pass","Pass","Pass","Pass","Pass","Pass","Pass","Pass","Pass","Pass","Pass","Pass","Pass","Pass","Pass","Pass","Pass","Pass","Pass","Pass","Pass","Pass","Pass","Pass","Pass","Pass","Pass","Pass","Pass","Pass","Pass","Pass","Pass","Pass","Pass","Pass","Pass","Pass","Pass","Pass","Pass","Pass","Pass","Pass","Pass","Pass","Pass","Pass","Pass","Pass","Pass","Pass","Pass","Pass","Pass","Pass","Pass","Pass","Pass","Pass","No"
"CHANGEAS22","Pass","Pass","Pass","Pass","Pass","Pass","Pass","Pass","Pass","Pass","Pass","Pass","Pass","Pass","Pass","Pass","Pass","Pass","Pass","Pass","Pass","Pass","Pass","Pass","Pass","Pass","Pass","Pass","Pass","Pass","Pass","Pass","Pass","Pass","Pass","Pass","Pass","Pass","Pass","Pass","Pass","Pass","Pass","Pass","Pass","Pass","Pass","Pass","Pass","Pass","Pass","Pass","Pass","Pass","Pass","Pass","Pass","Pass","Pass","Pass","Pass","Pass","Pass","Pass","Pass","Pass","Pass","Pass","Pass","Pass","Pass","Pass","Pass","Pass","Pass","Pass","Pass","Pass","Pass","Pass","Pass","Pass","Pass","Pass","Pass","Pass","Pass","Pass","Pass","Pass","Pass","Pass","Pass","Pass","Pass","Pass","Pass","Pass","Pass","Pass","Pass","Pass","Pass","Pass","Pass","Pass","Pass","Pass","Pass","No"
"CHANGEAS23","Pass","Pass","Pass","Pass","Pass","Pass","Pass","Pass","Pass","Pass","Pass","Pass","Pass","Pass","Pass","Pass","Pass","Pass","Pass","Pass","Pass","Pass","Pass","Pass","Pass","Pass","Pass","Pass","Pass","Pass","Pass","Pass","Pass","Pass","Pass","Pass","Pass","Pass","Pass","Pass","Pass","Pass","Pass","Pass","Pass","Pass","Pass","Pass","Pass","Pass","Pass","Pass","Pass","Pass","Pass","Pass","Pass","Pass","Pass","Pass","Pass","Pass","Pass","Pass","Pass","Pass","Pass","Pass","Pass","Pass","Pass","Pass","Pass","Pass","Pass","Pass","Pass","Pass","Pass","Pass","Pass","Pass","Pass","Pass","Pass","Pass","Pass","Pass","Pass","Pass","Pass","Pass","Pass","Pass","Pass","Pass","Pass","Pass","Pass","Pass","Pass","Pass","Pass","Pass","Pass","Pass","Pass","Pass","Pass","No"
"CHANGEAS24","Pass","Pass","Pass","Pass","Pass","Pass","Pass","Pass","Pass","Pass","Pass","Pass","Pass","Pass","Pass","Pass","Pass","Pass","Pass","Pass","Pass","Pass","Pass","Pass","Pass","Pass","Pass","Pass","Pass","Pass","Pass","Pass","Pass","Pass","Pass","Pass","Pass","Pass","Pass","Pass","Pass","Pass","Pass","Pass","Pass","Pass","Pass","Pass","Pass","Pass","Pass","Pass","Pass","Pass","Pass","Pass","Pass","Pass","Pass","Pass","Pass","Pass","Pass","Pass","Pass","Pass","Pass","Pass","Pass","Pass","Pass","Pass","Pass","Pass","Pass","Pass","Pass","Pass","Pass","Pass","Pass","Pass","Pass","Pass","Pass","Pass","Pass","Pass","Pass","Pass","Pass","Pass","Pass","Pass","Pass","Pass","Pass","Pass","Pass","Pass","Pass","Pass","Pass","Pass","Pass","Pass","Pass","Pass","Pass","No"
"CHANGEAS25","Pass","Pass","Pass","Pass","Pass","Pass","Pass","Pass","Pass","Pass","Pass","Pass","Pass","Pass","Pass","Pass","Pass","Pass","Pass","Pass","Pass","Pass","Pass","Pass","Pass","Pass","Pass","Pass","Pass","Pass","Pass","Pass","Pass","Pass","Pass","Pass","Pass","Pass","Pass","Pass","Pass","Pass","Pass","Pass","Pass","Pass","Pass","Pass","Pass","Pass","Pass","Pass","Pass","Pass","Pass","Pass","Pass","Pass","Pass","Pass","Pass","Pass","Pass","Pass","Pass","Pass","Pass","Pass","Pass","Pass","Pass","Pass","Pass","Pass","Pass","Pass","Pass","Pass","Pass","Pass","Pass","Pass","Pass","Pass","Pass","Pass","Pass","Pass","Pass","Pass","Pass","Pass","Pass","Pass","Pass","Pass","Pass","Pass","Pass","Pass","Pass","Pass","Pass","Pass","Pass","Pass","Pass","Pass","Pass","No"
"CHANGEAS26","Pass","Pass","Pass","Pass","Pass","Pass","Pass","Pass","Pass","Pass","Pass","Pass","Pass","Pass","Pass","Pass","Pass","Pass","Pass","Pass","Pass","Pass","Pass","Pass","Pass","Pass","Pass","Pass","Pass","Pass","Pass","Pass","Pass","Pass","Pass","Pass","Pass","Pass","Pass","Pass","Pass","Pass","Pass","Pass","Pass","Pass","Pass","Pass","Pass","Pass","Pass","Pass","Pass","Pass","Pass","Pass","Pass","Pass","Pass","Pass","Pass","Pass","Pass","Pass","Pass","Pass","Pass","Pass","Pass","Pass","Pass","Pass","Pass","Pass","Pass","Pass","Pass","Pass","Pass","Pass","Pass","Pass","Pass","Pass","Pass","Pass","Pass","Pass","Pass","Pass","Pass","Pass","Pass","Pass","Pass","Pass","Pass","Pass","Pass","Pass","Pass","Pass","Pass","Pass","Pass","Pass","Pass","Pass","Pass","No"
"CHANGEAS27","Pass","Pass","Pass","Pass","Pass","Pass","Pass","Pass","Pass","Pass","Pass","Pass","Pass","Pass","Pass","Pass","Pass","Pass","Pass","Pass","Pass","Pass","Pass","Pass","Pass","Pass","Pass","Pass","Pass","Pass","Pass","Pass","Pass","Pass","Pass","Pass","Pass","Pass","Pass","Pass","Pass","Pass","Pass","Pass","Pass","Pass","Pass","Pass","Pass","Pass","Pass","Pass","Pass","Pass","Pass","Pass","Pass","Pass","Pass","Pass","Pass","Pass","Pass","Pass","Pass","Pass","Pass","Pass","Pass","Pass","Pass","Pass","Pass","Pass","Pass","Pass","Pass","Pass","Pass","Pass","Pass","Pass","Pass","Pass","Pass","Pass","Pass","Pass","Pass","Pass","Pass","Pass","Pass","Pass","Pass","Pass","Pass","Pass","Pass","Pass","Pass","Pass","Pass","Pass","Pass","Pass","Pass","Pass","Pass","No"
"CHANGEAS28","Pass","Pass","Pass","Pass","Pass","Pass","Pass","Pass","Pass","Pass","Pass","Pass","Pass","Pass","Pass","Pass","Pass","Pass","Pass","Pass","Pass","Pass","Pass","Pass","Pass","Pass","Pass","Pass","Pass","Pass","Pass","Pass","Pass","Pass","Pass","Pass","Pass","Pass","Pass","Pass","Pass","Pass","Pass","Pass","Pass","Pass","Pass","Pass","Pass","Pass","Pass","Pass","Pass","Pass","Pass","Pass","Pass","Pass","Pass","Pass","Pass","Pass","Pass","Pass","Pass","Pass","Pass","Pass","Pass","Pass","Pass","Pass","Pass","Pass","Pass","Pass","Pass","Pass","Pass","Pass","Pass","Pass","Pass","Pass","Pass","Pass","Pass","Pass","Pass","Pass","Pass","Pass","Pass","Pass","Pass","Pass","Pass","Pass","Pass","Pass","Pass","Pass","Pass","Pass","Pass","Pass","Pass","Pass","Pass","No"
"CHANGEAS29","Pass","Pass","Pass","Pass","Pass","Pass","Pass","Pass","Pass","Pass","Pass","Pass","Pass","Pass","Pass","Pass","Pass","Pass","Pass","Pass","Pass","Pass","Pass","Pass","Pass","Pass","Pass","Pass","Pass","Pass","Pass","Pass","Pass","Pass","Pass","Pass","Pass","Pass","Pass","Pass","Pass","Pass","Pass","Pass","Pass","Pass","Pass","Pass","Pass","Pass","Pass","Pass","Pass","Pass","Pass","Pass","Pass","Pass","Pass","Pass","Pass","Pass","Pass","Pass","Pass","Pass","Pass","Pass","Pass","Pass","Pass","Pass","Pass","Pass","Pass","Pass","Pass","Pass","Pass","Pass","Pass","Pass","Pass","Pass","Pass","Pass","Pass","Pass","Pass","Pass","Pass","Pass","Pass","Pass","Pass","Pass","Pass","Pass","Pass","Pass","Pass","Pass","Pass","Pass","Pass","Pass","Pass","Pass","Pass","No"
"CHANGEAS30","Pass","Pass","Pass","Pass","Pass","Pass","Pass","Pass","Pass","Pass","Pass","Pass","Pass","Pass","Pass","Pass","Pass","Pass","Pass","Pass","Pass","Pass","Pass","Pass","Pass","Pass","Pass","Pass","Pass","Pass","Pass","Pass","Pass","Pass","Pass","Pass","Pass","Pass","Pass","Pass","Pass","Pass","Pass","Pass","Pass","Pass","Pass","Pass","Pass","Pass","Pass","Pass","Pass","Pass","Pass","Pass","Pass","Pass","Pass","Pass","Pass","Pass","Pass","Pass","Pass","Pass","Pass","Pass","Pass","Pass","Pass","Pass","Pass","Pass","Pass","Pass","Pass","Pass","Pass","Pass","Pass","Pass","Pass","Pass","Pass","Pass","Pass","Pass","Pass","Pass","Pass","Pass","Pass","Pass","Pass","Pass","Pass","Pass","Pass","Pass","Pass","Pass","Pass","Pass","Pass","Pass","Pass","Pass","Pass","No"
"CHANGEAS31","Pass","Pass","Pass","Pass","Pass","Pass","Pass","Pass","Pass","Pass","Pass","Pass","Pass","Pass","Pass","Pass","Pass","Pass","Pass","Pass","Pass","Pass","Pass","Pass","Pass","Pass","Pass","Pass","Pass","Pass","Pass","Pass","Pass","Pass","Pass","Pass","Pass","Pass","Pass","Pass","Pass","Pass","Pass","Pass","Pass","Pass","Pass","Pass","Pass","Pass","Pass","Pass","Pass","Pass","Pass","Pass","Pass","Pass","Pass","Pass","Pass","Pass","Pass","Pass","Pass","Pass","Pass","Pass","Pass","Pass","Pass","Pass","Pass","Pass","Pass","Pass","Pass","Pass","Pass","Pass","Pass","Pass","Pass","Pass","Pass","Pass","Pass","Pass","Pass","Pass","Pass","Pass","Pass","Pass","Pass","Pass","Pass","Pass","Pass","Pass","Pass","Pass","Pass","Pass","Pass","Pass","Pass","Pass","Pass","No"
"CHANGEAS32","Pass","Pass","Pass","Pass","Pass","Pass","Pass","Pass","Pass","Pass","Pass","Pass","Pass","Pass","Pass","Pass","Pass","Pass","Pass","Pass","Pass","Pass","Pass","Pass","Pass","Pass","Pass","Pass","Pass","Pass","Pass","Pass","Pass","Pass","Pass","Pass","Pass","Pass","Pass","Pass","Pass","Pass","Pass","Pass","Pass","Pass","Pass","Pass","Pass","Pass","Pass","Pass","Pass","Pass","Pass","Pass","Pass","Pass","Pass","Pass","Pass","Pass","Pass","Pass","Pass","Pass","Pass","Pass","Pass","Pass","Pass","Pass","Pass","Pass","Pass","Pass","Pass","Pass","Pass","Pass","Pass","Pass","Pass","Pass","Pass","Pass","Pass","Pass","Pass","Pass","Pass","Pass","Pass","Pass","Pass","Pass","Pass","Pass","Pass","Pass","Pass","Pass","Pass","Pass","Pass","Pass","Pass","Pass","Pass","No"
"CHANGEAS33","Pass","Pass","Pass","Pass","Pass","Pass","Pass","Pass","Pass","Pass","Pass","Pass","Pass","Pass","Pass","Pass","Pass","Pass","Pass","Pass","Pass","Pass","Pass","Pass","Pass","Pass","Pass","Pass","Pass","Pass","Pass","Pass","Pass","Pass","Pass","Pass","Pass","Pass","Pass","Pass","Pass","Pass","Pass","Pass","Pass","Pass","Pass","Pass","Pass","Pass","Pass","Pass","Pass","Pass","Pass","Pass","Pass","Pass","Pass","Pass","Pass","Pass","Pass","Pass","Pass","Pass","Pass","Pass","Pass","Pass","Pass","Pass","Pass","Pass","Pass","Pass","Pass","Pass","Pass","Pass","Pass","Pass","Pass","Pass","Pass","Pass","Pass","Pass","Pass","Pass","Pass","Pass","Pass","Pass","Pass","Pass","Pass","Pass","Pass","Pass","Pass","Pass","Pass","Pass","Pass","Pass","Pass","Pass","Pass","No"
"CHANGEAS34","Pass","Pass","Pass","Pass","Pass","Pass","Pass","Pass","Pass","Pass","Pass","Pass","Pass","Pass","Pass","Pass","Pass","Pass","Pass","Pass","Pass","Pass","Pass","Pass","Pass","Pass","Pass","Pass","Pass","Pass","Pass","Pass","Pass","Pass","Pass","Pass","Pass","Pass","Pass","Pass","Pass","Pass","Pass","Pass","Pass","Pass","Pass","Pass","Pass","Pass","Pass","Pass","Pass","Pass","Pass","Pass","Pass","Pass","Pass","Pass","Pass","Pass","Pass","Pass","Pass","Pass","Pass","Pass","Pass","Pass","Pass","Pass","Pass","Pass","Pass","Pass","Pass","Pass","Pass","Pass","Pass","Pass","Pass","Pass","Pass","Pass","Pass","Pass","Pass","Pass","Pass","Pass","Pass","Pass","Pass","Pass","Pass","Pass","Pass","Pass","Pass","Pass","Pass","Pass","Pass","Pass","Pass","Pass","Pass","No"
"CHANGEAS35","Pass","Pass","Pass","Pass","Pass","Pass","Pass","Pass","Pass","Pass","Pass","Pass","Pass","Pass","Pass","Pass","Pass","Pass","Pass","Pass","Pass","Pass","Pass","Pass","Pass","Pass","Pass","Pass","Pass","Pass","Pass","Pass","Pass","Pass","Pass","Pass","Pass","Pass","Pass","Pass","Pass","Pass","Pass","Pass","Pass","Pass","Pass","Pass","Pass","Pass","Pass","Pass","Pass","Pass","Pass","Pass","Pass","Pass","Pass","Pass","Pass","Pass","Pass","Pass","Pass","Pass","Pass","Pass","Pass","Pass","Pass","Pass","Pass","Pass","Pass","Pass","Pass","Pass","Pass","Pass","Pass","Pass","Pass","Pass","Pass","Pass","Pass","Pass","Pass","Pass","Pass","Pass","Pass","Pass","Pass","Pass","Pass","Pass","Pass","Pass","Pass","Pass","Pass","Pass","Pass","Pass","Pass","Pass","Pass","No"
"CHANGEAS36","Pass","Pass","Pass","Pass","Pass","Pass","Pass","Pass","Pass","Pass","Pass","Fail","Pass","Pass","Pass","Pass","Pass","Pass","Pass","Pass","Pass","Pass","Pass","Pass","Fail","Pass","Pass","Fail","Pass","Pass","Pass","Pass","Pass","Pass","Pass","Pass","Pass","Pass","Pass","Pass","Pass","Pass","Pass","Pass","Pass","Pass","Pass","Pass","Pass","Pass","Pass","Pass","Pass","Pass","Pass","Pass","Pass","Pass","Pass","Pass","Pass","Pass","Pass","Pass","Pass","Pass","Pass","Pass","Pass","Pass","Pass","Pass","Pass","Pass","Pass","Pass","Pass","Pass","Pass","Pass","Pass","Pass","Pass","Pass","Pass","Pass","Pass","Pass","Pass","Pass","Pass","Pass","Pass","Pass","Pass","Pass","Pass","Pass","Pass","Pass","Pass","Pass","Pass","Pass","Pass","Pass","Pass","Pass","Pass","Yes"
"CHANGEAS37","Pass","Pass","Pass","Pass","Pass","Pass","Pass","Pass","Pass","Pass","Pass","Fail","Pass","Pass","Pass","Pass","Pass","Pass","Pass","Pass","Pass","Pass","Pass","Pass","Fail","Pass","Pass","Fail","Pass","Pass","Pass","Pass","Pass","Pass","Pass","Pass","Pass","Pass","Pass","Pass","Pass","Pass","Pass","Pass","Pass","Pass","Pass","Pass","Pass","Pass","Pass","Pass","Pass","Pass","Pass","Pass","Pass","Pass","Pass","Pass","Pass","Pass","Pass","Pass","Pass","Pass","Pass","Pass","Pass","Pass","Pass","Pass","Pass","Pass","Pass","Pass","Pass","Pass","Pass","Pass","Pass","Pass","Pass","Pass","Pass","Pass","Pass","Pass","Pass","Pass","Pass","Pass","Pass","Pass","Pass","Pass","Pass","Pass","Pass","Pass","Pass","Pass","Pass","Pass","Pass","Pass","Pass","Pass","Pass","Yes"
"CHANGEAS38","Pass","Pass","Pass","Pass","Pass","Pass","Pass","Pass","Pass","Pass","Pass","Fail","Pass","Pass","Pass","Pass","Pass","Pass","Pass","Pass","Pass","Pass","Pass","Pass","Fail","Pass","Pass","Fail","Pass","Pass","Pass","Pass","Pass","Pass","Pass","Pass","Pass","Pass","Pass","Pass","Pass","Pass","Pass","Pass","Pass","Pass","Pass","Pass","Pass","Pass","Pass","Pass","Pass","Pass","Pass","Pass","Pass","Pass","Pass","Pass","Pass","Pass","Pass","Pass","Pass","Pass","Pass","Pass","Pass","Pass","Pass","Pass","Pass","Pass","Pass","Fail","Pass","Pass","Pass","Fail","Fail","Fail","Pass","Pass","Pass","Fail","Fail","Pass","Fail","Fail","Pass","Fail","Fail","Pass","Pass","Pass","Pass","Pass","Pass","Pass","Pass","Pass","Fail","Pass","Pass","Fail","Pass","Pass","Pass","Yes"
"CHANGEAS39","Pass","Pass","Pass","Pass","Pass","Pass","Pass","Pass","Pass","Pass","Pass","Fail","Pass","Pass","Pass","Pass","Pass","Pass","Pass","Pass","Pass","Pass","Pass","Pass","Fail","Pass","Pass","Fail","Pass","Pass","Pass","Pass","Pass","Pass","Pass","Pass","Pass","Pass","Pass","Pass","Pass","Pass","Pass","Pass","Pass","Pass","Pass","Pass","Pass","Pass","Pass","Pass","Pass","Pass","Pass","Pass","Pass","Pass","Pass","Pass","Pass","Pass","Pass","Pass","Pass","Pass","Pass","Pass","Pass","Pass","Pass","Pass","Pass","Pass","Pass","Pass","Pass","Pass","Pass","Pass","Pass","Pass","Pass","Pass","Pass","Pass","Pass","Pass","Pass","Pass","Pass","Pass","Pass","Pass","Pass","Pass","Pass","Pass","Pass","Pass","Pass","Pass","Pass","Pass","Pass","Pass","Pass","Pass","Pass","Yes"
"CHANGEAS40","Pass","Pass","Pass","Pass","Pass","Pass","Pass","Pass","Pass","Pass","Pass","Pass","Pass","Pass","Pass","Pass","Pass","Pass","Pass","Pass","Pass","Pass","Pass","Pass","Pass","Pass","Pass","Pass","Pass","Pass","Pass","Pass","Pass","Pass","Pass","Pass","Pass","Pass","Pass","Pass","Pass","Pass","Pass","Pass","Pass","Pass","Pass","Pass","Pass","Pass","Pass","Pass","Pass","Pass","Pass","Pass","Pass","Pass","Pass","Pass","Pass","Pass","Pass","Pass","Pass","Pass","Pass","Pass","Pass","Pass","Pass","Pass","Pass","Pass","Pass","Pass","Pass","Pass","Pass","Pass","Pass","Pass","Pass","Pass","Pass","Pass","Pass","Pass","Pass","Pass","Pass","Pass","Pass","Pass","Pass","Pass","Pass","Pass","Pass","Pass","Pass","Pass","Pass","Pass","Pass","Pass","Pass","Pass","Pass","No"
"CHANGEAS41","Pass","Pass","Pass","Pass","Pass","Pass","Pass","Pass","Pass","Pass","Pass","Pass","Pass","Pass","Pass","Pass","Pass","Pass","Pass","Pass","Pass","Pass","Pass","Pass","Pass","Pass","Pass","Pass","Pass","Pass","Pass","Pass","Pass","Pass","Pass","Pass","Pass","Pass","Pass","Pass","Pass","Pass","Pass","Pass","Pass","Pass","Pass","Pass","Pass","Pass","Pass","Pass","Pass","Pass","Pass","Pass","Pass","Pass","Pass","Pass","Pass","Pass","Pass","Pass","Pass","Pass","Pass","Pass","Pass","Pass","Pass","Pass","Pass","Pass","Pass","Pass","Pass","Pass","Pass","Pass","Pass","Pass","Pass","Pass","Pass","Pass","Pass","Pass","Pass","Pass","Pass","Pass","Pass","Pass","Pass","Pass","Pass","Pass","Pass","Pass","Pass","Pass","Pass","Pass","Pass","Pass","Pass","Pass","Pass","No"
"CHANGEAS42","Pass","Pass","Pass","Pass","Pass","Pass","Pass","Pass","Pass","Pass","Pass","Pass","Pass","Pass","Pass","Pass","Pass","Pass","Pass","Pass","Pass","Pass","Pass","Pass","Pass","Pass","Pass","Pass","Pass","Pass","Pass","Pass","Pass","Pass","Pass","Pass","Pass","Pass","Pass","Pass","Pass","Pass","Pass","Pass","Pass","Pass","Pass","Pass","Pass","Pass","Pass","Pass","Pass","Pass","Pass","Pass","Pass","Pass","Pass","Pass","Pass","Pass","Pass","Pass","Pass","Pass","Pass","Pass","Pass","Pass","Pass","Pass","Pass","Pass","Pass","Pass","Pass","Pass","Pass","Pass","Pass","Pass","Pass","Pass","Pass","Pass","Pass","Pass","Pass","Pass","Pass","Pass","Pass","Pass","Pass","Pass","Pass","Pass","Pass","Pass","Pass","Pass","Pass","Pass","Pass","Pass","Pass","Pass","Pass","No"
"CHANGEAS43","Pass","Pass","Pass","Pass","Pass","Pass","Pass","Pass","Pass","Pass","Pass","Pass","Pass","Pass","Pass","Pass","Pass","Pass","Pass","Pass","Pass","Pass","Pass","Pass","Pass","Pass","Pass","Pass","Pass","Pass","Pass","Pass","Pass","Pass","Pass","Pass","Pass","Pass","Pass","Pass","Pass","Pass","Pass","Pass","Pass","Pass","Pass","Pass","Pass","Pass","Pass","Pass","Pass","Pass","Pass","Pass","Pass","Pass","Pass","Pass","Pass","Pass","Pass","Pass","Pass","Pass","Pass","Pass","Pass","Pass","Pass","Pass","Pass","Pass","Pass","Pass","Pass","Pass","Pass","Pass","Pass","Pass","Pass","Pass","Pass","Pass","Pass","Pass","Pass","Pass","Pass","Pass","Pass","Pass","Pass","Pass","Pass","Pass","Pass","Pass","Pass","Pass","Pass","Pass","Pass","Pass","Pass","Pass","Pass","No"
"CHANGEAS44","Pass","Pass","Pass","Pass","Pass","Pass","Pass","Pass","Pass","Pass","Pass","Pass","Pass","Pass","Pass","Pass","Pass","Pass","Pass","Pass","Pass","Pass","Pass","Pass","Pass","Pass","Pass","Pass","Pass","Pass","Pass","Pass","Pass","Pass","Pass","Pass","Pass","Pass","Pass","Pass","Pass","Pass","Pass","Pass","Pass","Pass","Pass","Pass","Pass","Pass","Pass","Pass","Pass","Pass","Pass","Pass","Pass","Pass","Pass","Pass","Pass","Pass","Pass","Pass","Pass","Pass","Pass","Pass","Pass","Pass","Pass","Pass","Pass","Pass","Pass","Pass","Pass","Pass","Pass","Pass","Pass","Pass","Pass","Pass","Pass","Pass","Pass","Pass","Pass","Pass","Pass","Pass","Pass","Pass","Pass","Pass","Pass","Pass","Pass","Pass","Pass","Pass","Pass","Pass","Pass","Pass","Pass","Pass","Pass","No"
"CHANGEAS45","Pass","Pass","Pass","Pass","Pass","Pass","Pass","Pass","Pass","Pass","Pass","Pass","Pass","Pass","Pass","Pass","Pass","Pass","Pass","Pass","Pass","Pass","Pass","Pass","Pass","Pass","Pass","Pass","Pass","Pass","Pass","Pass","Pass","Pass","Pass","Pass","Pass","Pass","Pass","Pass","Pass","Pass","Pass","Pass","Pass","Pass","Pass","Pass","Pass","Pass","Pass","Pass","Pass","Pass","Pass","Pass","Pass","Pass","Pass","Pass","Pass","Pass","Pass","Pass","Pass","Pass","Pass","Pass","Pass","Pass","Pass","Pass","Pass","Pass","Pass","Pass","Pass","Pass","Pass","Pass","Pass","Pass","Pass","Pass","Pass","Pass","Pass","Pass","Pass","Pass","Pass","Pass","Pass","Pass","Pass","Pass","Pass","Pass","Pass","Pass","Pass","Pass","Pass","Pass","Pass","Pass","Pass","Pass","Pass","No"
"CHANGEAS46","Pass","Pass","Pass","Pass","Pass","Pass","Pass","Pass","Pass","Pass","Pass","Pass","Pass","Pass","Pass","Pass","Pass","Pass","Pass","Pass","Pass","Pass","Pass","Pass","Pass","Pass","Pass","Pass","Pass","Pass","Pass","Pass","Pass","Pass","Pass","Pass","Pass","Pass","Pass","Pass","Pass","Pass","Pass","Pass","Pass","Pass","Pass","Pass","Pass","Pass","Pass","Pass","Pass","Pass","Pass","Pass","Pass","Pass","Pass","Pass","Pass","Pass","Pass","Pass","Pass","Pass","Pass","Pass","Pass","Pass","Pass","Pass","Pass","Pass","Pass","Pass","Pass","Pass","Pass","Pass","Pass","Pass","Pass","Pass","Pass","Pass","Pass","Pass","Pass","Pass","Pass","Pass","Pass","Pass","Pass","Pass","Pass","Pass","Pass","Pass","Pass","Pass","Pass","Pass","Pass","Pass","Pass","Pass","Pass","No"
"CHANGEAS47","Pass","Pass","Pass","Pass","Pass","Pass","Pass","Pass","Pass","Pass","Pass","Pass","Pass","Pass","Pass","Pass","Pass","Pass","Pass","Pass","Pass","Pass","Pass","Pass","Pass","Pass","Pass","Pass","Pass","Pass","Pass","Pass","Pass","Pass","Pass","Pass","Pass","Pass","Pass","Pass","Pass","Pass","Pass","Pass","Pass","Pass","Pass","Pass","Pass","Pass","Pass","Pass","Pass","Pass","Pass","Pass","Pass","Pass","Pass","Pass","Pass","Pass","Pass","Pass","Pass","Pass","Pass","Pass","Pass","Pass","Pass","Pass","Pass","Pass","Pass","Pass","Pass","Pass","Pass","Pass","Pass","Pass","Pass","Pass","Pass","Pass","Pass","Pass","Pass","Pass","Pass","Pass","Pass","Pass","Pass","Pass","Pass","Pass","Pass","Pass","Pass","Pass","Pass","Pass","Pass","Pass","Pass","Pass","Pass","No"
"CHANGEAS48","Pass","Pass","Pass","Pass","Pass","Pass","Pass","Pass","Pass","Pass","Pass","Pass","Pass","Pass","Pass","Pass","Pass","Pass","Pass","Pass","Pass","Pass","Pass","Pass","Pass","Pass","Pass","Pass","Pass","Pass","Pass","Pass","Pass","Pass","Pass","Pass","Pass","Pass","Pass","Pass","Pass","Pass","Pass","Pass","Pass","Pass","Pass","Pass","Pass","Pass","Pass","Pass","Pass","Pass","Pass","Pass","Pass","Pass","Pass","Pass","Pass","Pass","Pass","Pass","Pass","Pass","Pass","Pass","Pass","Pass","Pass","Pass","Pass","Pass","Pass","Pass","Pass","Pass","Pass","Pass","Pass","Pass","Pass","Pass","Pass","Pass","Pass","Pass","Pass","Pass","Pass","Pass","Pass","Pass","Pass","Pass","Pass","Pass","Pass","Pass","Pass","Pass","Pass","Pass","Pass","Pass","Pass","Pass","Pass","No"
"CHANGEAS49","Pass","Pass","Pass","Pass","Pass","Pass","Pass","Pass","Pass","Pass","Pass","Pass","Pass","Pass","Pass","Pass","Pass","Pass","Pass","Pass","Pass","Pass","Pass","Pass","Pass","Pass","Pass","Pass","Pass","Pass","Pass","Pass","Pass","Pass","Pass","Pass","Pass","Pass","Pass","Pass","Pass","Pass","Pass","Pass","Pass","Pass","Pass","Pass","Pass","Pass","Pass","Pass","Pass","Pass","Pass","Pass","Pass","Pass","Pass","Pass","Pass","Pass","Pass","Pass","Pass","Pass","Pass","Pass","Pass","Pass","Pass","Pass","Pass","Pass","Pass","Pass","Pass","Pass","Pass","Pass","Pass","Pass","Pass","Pass","Pass","Pass","Pass","Pass","Pass","Pass","Pass","Pass","Pass","Pass","Pass","Pass","Pass","Pass","Pass","Pass","Pass","Pass","Pass","Pass","Pass","Pass","Pass","Pass","Pass","No"
"CHANGEAS50","Pass","Pass","Pass","Pass","Pass","Pass","Pass","Pass","Pass","Pass","Pass","Pass","Pass","Pass","Pass","Pass","Pass","Pass","Pass","Pass","Pass","Pass","Pass","Pass","Pass","Pass","Pass","Pass","Pass","Pass","Pass","Pass","Pass","Pass","Pass","Pass","Pass","Pass","Pass","Pass","Pass","Pass","Pass","Pass","Pass","Pass","Pass","Pass","Pass","Pass","Pass","Pass","Pass","Pass","Pass","Pass","Pass","Pass","Pass","Pass","Pass","Pass","Pass","Pass","Pass","Pass","Pass","Pass","Pass","Pass","Pass","Pass","Pass","Pass","Pass","Pass","Pass","Pass","Pass","Fail","Fail","Fail","Pass","Pass","Pass","Pass","Pass","Pass","Pass","Pass","Pass","Pass","Pass","Pass","Pass","Pass","Pass","Pass","Pass","Pass","Pass","Pass","Pass","Pass","Pass","Pass","Pass","Pass","Pass","Yes"
"CHANGEAS51","Pass","Pass","Pass","Pass","Pass","Pass","Pass","Pass","Pass","Pass","Pass","Pass","Pass","Pass","Pass","Pass","Pass","Pass","Pass","Pass","Pass","Pass","Pass","Pass","Pass","Pass","Pass","Pass","Pass","Pass","Pass","Pass","Pass","Pass","Pass","Pass","Pass","Pass","Pass","Pass","Pass","Pass","Pass","Pass","Pass","Pass","Pass","Pass","Pass","Pass","Pass","Pass","Pass","Pass","Pass","Pass","Pass","Pass","Pass","Pass","Pass","Pass","Pass","Pass","Pass","Pass","Pass","Pass","Pass","Pass","Pass","Pass","Pass","Pass","Pass","Pass","Pass","Pass","Pass","Pass","Pass","Pass","Pass","Pass","Pass","Pass","Pass","Pass","Pass","Pass","Pass","Pass","Pass","Pass","Pass","Pass","Pass","Pass","Pass","Pass","Pass","Pass","Pass","Pass","Pass","Pass","Pass","Pass","Pass","No"
"CHANGEAS52","Pass","Pass","Pass","Pass","Pass","Pass","Pass","Pass","Pass","Pass","Pass","Pass","Pass","Pass","Pass","Pass","Pass","Pass","Pass","Pass","Pass","Pass","Pass","Pass","Pass","Pass","Pass","Pass","Pass","Pass","Pass","Pass","Pass","Pass","Pass","Pass","Pass","Pass","Pass","Pass","Pass","Pass","Pass","Pass","Pass","Pass","Pass","Pass","Pass","Pass","Pass","Pass","Pass","Pass","Pass","Pass","Pass","Pass","Pass","Pass","Pass","Pass","Pass","Pass","Pass","Pass","Pass","Pass","Pass","Pass","Pass","Pass","Pass","Pass","Pass","Pass","Pass","Pass","Pass","Pass","Pass","Pass","Pass","Pass","Pass","Pass","Pass","Pass","Pass","Pass","Pass","Pass","Pass","Pass","Pass","Pass","Pass","Pass","Pass","Pass","Pass","Pass","Pass","Pass","Pass","Pass","Pass","Pass","Pass","No"
"CHANGEAS53","Pass","Pass","Pass","Pass","Pass","Pass","Pass","Pass","Pass","Pass","Pass","Pass","Pass","Pass","Pass","Pass","Pass","Pass","Pass","Pass","Pass","Pass","Pass","Pass","Pass","Pass","Pass","Pass","Pass","Pass","Pass","Pass","Pass","Pass","Pass","Pass","Pass","Pass","Pass","Pass","Pass","Pass","Pass","Pass","Pass","Pass","Pass","Pass","Pass","Pass","Pass","Pass","Pass","Pass","Pass","Pass","Pass","Pass","Pass","Pass","Pass","Pass","Pass","Pass","Pass","Pass","Pass","Pass","Pass","Pass","Pass","Pass","Pass","Pass","Pass","Pass","Pass","Pass","Pass","Pass","Pass","Pass","Pass","Pass","Pass","Pass","Pass","Pass","Pass","Pass","Pass","Pass","Pass","Pass","Pass","Pass","Pass","Pass","Pass","Pass","Pass","Pass","Pass","Pass","Pass","Pass","Pass","Pass","Pass","No"
"CHANGEAS54","Pass","Pass","Pass","Pass","Pass","Pass","Pass","Pass","Pass","Pass","Pass","Pass","Pass","Pass","Pass","Pass","Pass","Pass","Pass","Pass","Pass","Pass","Pass","Pass","Pass","Pass","Pass","Pass","Pass","Pass","Pass","Pass","Pass","Pass","Pass","Pass","Pass","Pass","Pass","Pass","Pass","Pass","Pass","Pass","Pass","Pass","Pass","Pass","Pass","Pass","Pass","Pass","Pass","Pass","Pass","Pass","Pass","Pass","Pass","Pass","Pass","Pass","Pass","Pass","Pass","Pass","Pass","Pass","Pass","Pass","Pass","Pass","Pass","Pass","Pass","Pass","Pass","Pass","Pass","Pass","Pass","Pass","Pass","Pass","Pass","Pass","Pass","Pass","Pass","Pass","Pass","Pass","Pass","Pass","Pass","Pass","Pass","Pass","Pass","Pass","Pass","Pass","Pass","Pass","Pass","Pass","Pass","Pass","Pass","No"
"CHANGEAS55","Pass","Pass","Pass","Pass","Pass","Pass","Pass","Pass","Pass","Pass","Pass","Pass","Pass","Pass","Pass","Pass","Pass","Pass","Pass","Pass","Pass","Pass","Pass","Pass","Pass","Pass","Pass","Pass","Pass","Pass","Pass","Pass","Pass","Pass","Pass","Pass","Pass","Pass","Pass","Pass","Pass","Pass","Pass","Pass","Pass","Pass","Pass","Pass","Pass","Pass","Pass","Pass","Pass","Pass","Pass","Pass","Pass","Pass","Pass","Pass","Pass","Pass","Pass","Pass","Pass","Pass","Pass","Pass","Pass","Pass","Pass","Pass","Pass","Pass","Pass","Pass","Pass","Pass","Pass","Pass","Pass","Pass","Pass","Pass","Pass","Pass","Pass","Pass","Pass","Pass","Pass","Pass","Pass","Pass","Pass","Pass","Pass","Pass","Pass","Pass","Pass","Pass","Pass","Pass","Pass","Pass","Pass","Pass","Pass","No"
"CHANGEAS56","Pass","Pass","Pass","Pass","Pass","Pass","Pass","Pass","Pass","Pass","Pass","Pass","Pass","Pass","Pass","Pass","Pass","Pass","Pass","Pass","Pass","Pass","Pass","Pass","Pass","Pass","Pass","Pass","Pass","Pass","Pass","Pass","Pass","Pass","Pass","Pass","Pass","Pass","Pass","Pass","Pass","Pass","Pass","Pass","Pass","Pass","Pass","Pass","Pass","Pass","Pass","Pass","Pass","Pass","Pass","Pass","Pass","Pass","Pass","Pass","Pass","Pass","Pass","Pass","Pass","Pass","Pass","Pass","Pass","Pass","Pass","Pass","Pass","Pass","Pass","Pass","Pass","Pass","Pass","Pass","Pass","Pass","Pass","Pass","Pass","Pass","Pass","Pass","Pass","Pass","Pass","Pass","Pass","Pass","Pass","Pass","Pass","Pass","Pass","Pass","Pass","Pass","Pass","Pass","Pass","Pass","Pass","Pass","Pass","No"
"CHANGEAS57","Pass","Pass","Pass","Pass","Pass","Pass","Pass","Pass","Pass","Pass","Pass","Pass","Pass","Pass","Pass","Pass","Pass","Pass","Pass","Pass","Pass","Pass","Pass","Pass","Pass","Pass","Pass","Pass","Pass","Pass","Pass","Pass","Pass","Pass","Pass","Pass","Pass","Pass","Pass","Pass","Pass","Pass","Pass","Pass","Pass","Pass","Pass","Pass","Pass","Pass","Pass","Pass","Pass","Pass","Pass","Pass","Pass","Pass","Pass","Pass","Pass","Pass","Pass","Pass","Pass","Pass","Pass","Pass","Pass","Pass","Pass","Pass","Pass","Pass","Pass","Pass","Pass","Pass","Pass","Pass","Pass","Pass","Pass","Pass","Pass","Pass","Pass","Pass","Pass","Pass","Pass","Pass","Pass","Pass","Pass","Pass","Pass","Pass","Pass","Pass","Pass","Pass","Pass","Pass","Pass","Pass","Pass","Pass","Pass","No"
"CHANGEAS58","Pass","Pass","Pass","Pass","Pass","Pass","Pass","Pass","Pass","Pass","Pass","Pass","Pass","Pass","Pass","Pass","Pass","Pass","Pass","Pass","Pass","Pass","Pass","Pass","Pass","Pass","Pass","Pass","Pass","Pass","Pass","Pass","Pass","Pass","Pass","Pass","Pass","Pass","Pass","Pass","Pass","Pass","Pass","Pass","Pass","Pass","Pass","Pass","Pass","Pass","Pass","Pass","Pass","Pass","Pass","Pass","Pass","Pass","Pass","Pass","Pass","Pass","Pass","Pass","Pass","Pass","Pass","Pass","Pass","Pass","Pass","Pass","Pass","Pass","Pass","Pass","Pass","Pass","Pass","Pass","Pass","Pass","Pass","Pass","Pass","Pass","Pass","Pass","Pass","Pass","Pass","Pass","Pass","Pass","Pass","Pass","Pass","Pass","Pass","Pass","Pass","Pass","Pass","Pass","Pass","Pass","Pass","Pass","Pass","No"
"CHANGEAS59","Pass","Pass","Pass","Pass","Pass","Pass","Pass","Pass","Pass","Pass","Pass","Pass","Pass","Pass","Pass","Pass","Pass","Pass","Pass","Pass","Pass","Pass","Pass","Pass","Pass","Pass","Pass","Pass","Pass","Pass","Pass","Pass","Pass","Pass","Pass","Pass","Pass","Pass","Pass","Pass","Pass","Pass","Pass","Pass","Pass","Pass","Pass","Pass","Pass","Pass","Pass","Pass","Pass","Pass","Pass","Pass","Pass","Pass","Pass","Pass","Pass","Pass","Pass","Pass","Pass","Pass","Pass","Pass","Pass","Pass","Pass","Pass","Pass","Pass","Pass","Pass","Pass","Pass","Pass","Pass","Pass","Pass","Pass","Pass","Pass","Pass","Pass","Pass","Pass","Pass","Pass","Pass","Pass","Pass","Pass","Pass","Pass","Pass","Pass","Pass","Pass","Pass","Pass","Pass","Pass","Pass","Pass","Pass","Pass","No"
"CHANGEAS60","Pass","Pass","Pass","Pass","Pass","Pass","Pass","Pass","Pass","Pass","Pass","Fail","Pass","Pass","Pass","Pass","Pass","Pass","Pass","Pass","Pass","Pass","Pass","Pass","Fail","Pass","Pass","Fail","Pass","Pass","Pass","Pass","Pass","Pass","Pass","Pass","Pass","Pass","Pass","Pass","Pass","Pass","Pass","Pass","Pass","Pass","Pass","Pass","Pass","Pass","Pass","Pass","Pass","Pass","Pass","Pass","Pass","Pass","Pass","Pass","Pass","Pass","Pass","Pass","Pass","Pass","Pass","Pass","Pass","Pass","Pass","Pass","Pass","Pass","Pass","Pass","Pass","Pass","Pass","Pass","Pass","Pass","Pass","Pass","Pass","Pass","Pass","Pass","Pass","Pass","Pass","Pass","Pass","Pass","Pass","Pass","Pass","Pass","Pass","Pass","Pass","Pass","Pass","Pass","Pass","Pass","Pass","Pass","Pass","Yes"
"CHANGEAS61","Pass","Pass","Pass","Pass","Pass","Pass","Pass","Pass","Pass","Pass","Pass","Fail","Pass","Pass","Pass","Pass","Pass","Pass","Pass","Pass","Pass","Pass","Pass","Pass","Fail","Pass","Pass","Fail","Pass","Pass","Pass","Pass","Pass","Pass","Pass","Pass","Pass","Pass","Pass","Pass","Pass","Pass","Pass","Pass","Pass","Pass","Pass","Pass","Pass","Pass","Pass","Pass","Pass","Pass","Pass","Pass","Pass","Pass","Pass","Pass","Pass","Pass","Pass","Pass","Pass","Pass","Pass","Pass","Pass","Pass","Pass","Pass","Pass","Pass","Pass","Pass","Pass","Pass","Pass","Pass","Pass","Pass","Pass","Pass","Pass","Pass","Pass","Pass","Pass","Pass","Pass","Pass","Pass","Pass","Pass","Pass","Pass","Pass","Pass","Pass","Pass","Pass","Pass","Pass","Pass","Pass","Pass","Pass","Pass","Yes"
"CHANGEAS62","Pass","Pass","Pass","Pass","Pass","Pass","Pass","Pass","Pass","Pass","Pass","Fail","Pass","Pass","Pass","Pass","Pass","Pass","Pass","Pass","Pass","Pass","Pass","Pass","Fail","Pass","Pass","Fail","Pass","Pass","Pass","Pass","Pass","Pass","Pass","Pass","Pass","Pass","Pass","Pass","Pass","Pass","Pass","Pass","Pass","Pass","Pass","Pass","Pass","Pass","Pass","Pass","Pass","Pass","Pass","Pass","Pass","Pass","Pass","Pass","Pass","Pass","Pass","Pass","Pass","Pass","Pass","Pass","Pass","Pass","Pass","Pass","Pass","Pass","Pass","Fail","Pass","Pass","Pass","Fail","Fail","Fail","Pass","Pass","Pass","Fail","Fail","Pass","Fail","Fail","Pass","Fail","Fail","Pass","Pass","Pass","Pass","Pass","Pass","Pass","Pass","Pass","Fail","Pass","Pass","Fail","Pass","Pass","Pass","Yes"
"CHANGEAS63","Pass","Pass","Pass","Pass","Pass","Pass","Pass","Pass","Pass","Pass","Pass","Fail","Pass","Pass","Pass","Pass","Pass","Pass","Pass","Pass","Pass","Pass","Pass","Pass","Fail","Pass","Pass","Fail","Pass","Pass","Pass","Pass","Pass","Pass","Pass","Pass","Pass","Pass","Pass","Pass","Pass","Pass","Pass","Pass","Pass","Pass","Pass","Pass","Pass","Pass","Pass","Pass","Pass","Pass","Pass","Pass","Pass","Pass","Pass","Pass","Pass","Pass","Pass","Pass","Pass","Pass","Pass","Pass","Pass","Pass","Pass","Pass","Pass","Pass","Pass","Pass","Pass","Pass","Pass","Pass","Pass","Pass","Pass","Pass","Pass","Pass","Pass","Pass","Pass","Pass","Pass","Pass","Pass","Pass","Pass","Pass","Pass","Pass","Pass","Pass","Pass","Pass","Pass","Pass","Pass","Pass","Pass","Pass","Pass","Yes"
"CHANGEAS64","Pass","Pass","Pass","Pass","Pass","Pass","Pass","Pass","Pass","Pass","Pass","Pass","Pass","Pass","Pass","Pass","Pass","Pass","Pass","Pass","Pass","Pass","Pass","Pass","Pass","Pass","Pass","Pass","Pass","Pass","Pass","Pass","Pass","Pass","Pass","Pass","Pass","Pass","Pass","Pass","Pass","Pass","Pass","Pass","Pass","Pass","Pass","Pass","Pass","Pass","Pass","Pass","Pass","Pass","Pass","Pass","Pass","Pass","Pass","Pass","Pass","Pass","Pass","Pass","Pass","Pass","Pass","Pass","Pass","Pass","Pass","Pass","Pass","Pass","Pass","Pass","Pass","Pass","Pass","Pass","Pass","Pass","Pass","Pass","Pass","Pass","Pass","Pass","Pass","Pass","Pass","Pass","Pass","Pass","Pass","Pass","Pass","Pass","Pass","Pass","Pass","Pass","Pass","Pass","Pass","Pass","Pass","Pass","Pass","No"
"CHANGEAS65","Pass","Pass","Pass","Pass","Pass","Pass","Pass","Pass","Pass","Pass","Pass","Pass","Pass","Pass","Pass","Pass","Pass","Pass","Pass","Pass","Pass","Pass","Pass","Pass","Pass","Pass","Pass","Pass","Pass","Pass","Pass","Pass","Pass","Pass","Pass","Pass","Pass","Pass","Pass","Pass","Pass","Pass","Pass","Pass","Pass","Pass","Pass","Pass","Pass","Pass","Pass","Pass","Pass","Pass","Pass","Pass","Pass","Pass","Pass","Pass","Pass","Pass","Pass","Pass","Pass","Pass","Pass","Pass","Pass","Pass","Pass","Pass","Pass","Pass","Pass","Pass","Pass","Pass","Pass","Pass","Pass","Pass","Pass","Pass","Pass","Pass","Pass","Pass","Pass","Pass","Pass","Pass","Pass","Pass","Pass","Pass","Pass","Pass","Pass","Pass","Pass","Pass","Pass","Pass","Pass","Pass","Pass","Pass","Pass","No"
"CHANGEAS66","Pass","Pass","Pass","Pass","Pass","Pass","Pass","Pass","Pass","Pass","Pass","Pass","Pass","Pass","Pass","Pass","Pass","Pass","Pass","Pass","Pass","Pass","Pass","Pass","Pass","Pass","Pass","Pass","Pass","Pass","Pass","Pass","Fail","Pass","Pass","Pass","Pass","Pass","Pass","Pass","Pass","Pass","Pass","Pass","Pass","Pass","Pass","Pass","Pass","Pass","Pass","Pass","Pass","Pass","Pass","Pass","Pass","Pass","Pass","Pass","Pass","Pass","Pass","Pass","Pass","Pass","Pass","Pass","Pass","Pass","Pass","Pass","Pass","Pass","Pass","Pass","Pass","Pass","Pass","Pass","Pass","Pass","Pass","Pass","Pass","Pass","Pass","Pass","Pass","Pass","Pass","Pass","Pass","Pass","Pass","Pass","Pass","Pass","Pass","Pass","Pass","Pass","Pass","Pass","Pass","Pass","Pass","Pass","Pass","Yes"
"CHANGEAS67","Pass","Pass","Pass","Pass","Pass","Pass","Pass","Pass","Pass","Pass","Pass","Pass","Pass","Pass","Pass","Pass","Pass","Pass","Pass","Pass","Pass","Pass","Pass","Pass","Pass","Pass","Pass","Pass","Pass","Pass","Pass","Pass","Fail","Pass","Pass","Pass","Pass","Pass","Pass","Pass","Pass","Pass","Pass","Pass","Pass","Pass","Pass","Pass","Pass","Pass","Pass","Pass","Pass","Pass","Pass","Pass","Pass","Pass","Pass","Pass","Pass","Pass","Pass","Pass","Pass","Pass","Pass","Pass","Pass","Pass","Pass","Pass","Pass","Pass","Pass","Pass","Pass","Pass","Pass","Pass","Pass","Pass","Pass","Pass","Pass","Pass","Pass","Pass","Pass","Pass","Pass","Pass","Pass","Pass","Pass","Pass","Pass","Pass","Pass","Pass","Pass","Pass","Pass","Pass","Pass","Pass","Pass","Pass","Pass","Yes"
"CHANGEAS68","Pass","Pass","Pass","Pass","Pass","Pass","Pass","Pass","Pass","Pass","Pass","Pass","Pass","Pass","Pass","Pass","Pass","Pass","Pass","Pass","Pass","Pass","Pass","Pass","Pass","Pass","Pass","Pass","Pass","Pass","Pass","Pass","Pass","Pass","Pass","Pass","Pass","Pass","Pass","Pass","Pass","Pass","Pass","Pass","Pass","Pass","Pass","Pass","Pass","Pass","Pass","Pass","Pass","Pass","Pass","Pass","Pass","Pass","Pass","Pass","Pass","Pass","Pass","Pass","Pass","Pass","Pass","Pass","Pass","Pass","Pass","Pass","Pass","Pass","Pass","Pass","Pass","Pass","Pass","Pass","Pass","Pass","Pass","Pass","Pass","Pass","Pass","Pass","Pass","Pass","Pass","Pass","Pass","Pass","Pass","Pass","Pass","Pass","Pass","Pass","Pass","Pass","Pass","Pass","Pass","Pass","Pass","Pass","Pass","No"
"CHANGEAS69","Pass","Pass","Pass","Pass","Pass","Pass","Pass","Pass","Pass","Pass","Pass","Pass","Pass","Pass","Pass","Pass","Pass","Pass","Pass","Pass","Pass","Pass","Pass","Pass","Pass","Pass","Pass","Pass","Pass","Pass","Pass","Pass","Fail","Pass","Pass","Pass","Pass","Pass","Pass","Pass","Pass","Pass","Pass","Pass","Pass","Pass","Pass","Pass","Pass","Pass","Pass","Pass","Pass","Pass","Pass","Pass","Pass","Pass","Pass","Pass","Pass","Pass","Pass","Pass","Pass","Pass","Pass","Pass","Pass","Pass","Pass","Pass","Pass","Pass","Pass","Pass","Pass","Pass","Pass","Pass","Pass","Pass","Pass","Pass","Pass","Pass","Pass","Pass","Pass","Pass","Pass","Pass","Pass","Fail","Fail","Pass","Fail","Pass","Pass","Pass","Pass","Pass","Pass","Pass","Pass","Pass","Pass","Pass","Pass","Yes"
"CHANGEAS70","Pass","Pass","Pass","Pass","Pass","Pass","Pass","Pass","Pass","Pass","Pass","Pass","Pass","Pass","Pass","Pass","Pass","Pass","Pass","Pass","Pass","Pass","Pass","Pass","Pass","Pass","Pass","Pass","Pass","Pass","Pass","Pass","Pass","Pass","Pass","Pass","Pass","Pass","Pass","Pass","Pass","Pass","Pass","Pass","Pass","Pass","Pass","Pass","Pass","Pass","Pass","Pass","Pass","Pass","Pass","Pass","Pass","Pass","Pass","Pass","Pass","Pass","Pass","Pass","Pass","Pass","Pass","Pass","Pass","Pass","Pass","Pass","Pass","Pass","Pass","Pass","Pass","Pass","Pass","Pass","Pass","Pass","Pass","Pass","Pass","Pass","Pass","Pass","Pass","Pass","Pass","Pass","Pass","Pass","Pass","Pass","Pass","Pass","Pass","Pass","Pass","Pass","Pass","Pass","Pass","Pass","Pass","Pass","Pass","No"
"CHANGEAS71","Pass","Pass","Pass","Pass","Pass","Pass","Pass","Pass","Pass","Pass","Pass","Pass","Pass","Pass","Pass","Pass","Pass","Pass","Pass","Pass","Pass","Pass","Pass","Pass","Pass","Pass","Pass","Pass","Pass","Pass","Pass","Pass","Fail","Pass","Pass","Pass","Pass","Pass","Pass","Pass","Pass","Pass","Pass","Pass","Pass","Pass","Pass","Pass","Pass","Pass","Pass","Pass","Pass","Pass","Pass","Pass","Pass","Pass","Pass","Pass","Pass","Pass","Pass","Pass","Pass","Pass","Pass","Pass","Pass","Pass","Pass","Pass","Pass","Pass","Pass","Pass","Pass","Pass","Pass","Pass","Pass","Pass","Pass","Pass","Pass","Pass","Pass","Pass","Pass","Pass","Pass","Pass","Pass","Pass","Pass","Pass","Pass","Pass","Pass","Pass","Pass","Pass","Pass","Pass","Pass","Pass","Pass","Pass","Pass","Yes"
"CHANGEAS72","Pass","Pass","Pass","Pass","Pass","Pass","Pass","Pass","Pass","Pass","Pass","Pass","Pass","Pass","Pass","Pass","Pass","Pass","Pass","Pass","Pass","Pass","Pass","Pass","Pass","Pass","Pass","Pass","Pass","Pass","Pass","Pass","Fail","Pass","Pass","Pass","Pass","Pass","Pass","Pass","Pass","Pass","Pass","Pass","Pass","Pass","Pass","Pass","Pass","Pass","Pass","Pass","Pass","Pass","Pass","Pass","Pass","Pass","Pass","Pass","Pass","Pass","Pass","Pass","Pass","Pass","Pass","Pass","Pass","Pass","Pass","Pass","Pass","Pass","Pass","Pass","Pass","Pass","Pass","Pass","Pass","Pass","Pass","Pass","Pass","Pass","Pass","Pass","Pass","Pass","Pass","Pass","Pass","Pass","Pass","Pass","Pass","Pass","Pass","Pass","Pass","Pass","Pass","Pass","Pass","Pass","Pass","Pass","Pass","Yes"
"CHANGEAS73","Pass","Pass","Pass","Pass","Pass","Pass","Pass","Pass","Pass","Pass","Pass","Pass","Pass","Pass","Pass","Pass","Pass","Pass","Pass","Pass","Pass","Pass","Pass","Pass","Pass","Pass","Pass","Pass","Pass","Pass","Pass","Pass","Pass","Pass","Pass","Pass","Pass","Pass","Pass","Pass","Pass","Pass","Pass","Pass","Pass","Pass","Pass","Pass","Pass","Pass","Pass","Pass","Pass","Pass","Pass","Pass","Pass","Pass","Pass","Pass","Pass","Pass","Pass","Pass","Pass","Pass","Pass","Pass","Pass","Pass","Pass","Pass","Pass","Pass","Pass","Pass","Pass","Pass","Pass","Pass","Pass","Pass","Pass","Pass","Pass","Pass","Pass","Pass","Pass","Pass","Pass","Pass","Pass","Pass","Pass","Pass","Pass","Pass","Pass","Pass","Pass","Pass","Pass","Pass","Pass","Pass","Pass","Pass","Pass","No"
"CHANGEAS74","Pass","Pass","Pass","Pass","Pass","Pass","Pass","Pass","Pass","Pass","Pass","Pass","Pass","Pass","Pass","Pass","Pass","Pass","Pass","Pass","Pass","Pass","Pass","Pass","Pass","Pass","Pass","Pass","Pass","Pass","Pass","Pass","Pass","Pass","Pass","Pass","Pass","Pass","Pass","Pass","Pass","Pass","Pass","Pass","Pass","Pass","Pass","Pass","Pass","Pass","Pass","Pass","Pass","Pass","Pass","Pass","Pass","Pass","Pass","Pass","Pass","Pass","Pass","Pass","Pass","Pass","Pass","Pass","Pass","Pass","Pass","Pass","Pass","Pass","Pass","Pass","Pass","Pass","Pass","Pass","Pass","Pass","Pass","Pass","Pass","Pass","Pass","Pass","Pass","Pass","Pass","Pass","Pass","Pass","Pass","Pass","Pass","Pass","Pass","Pass","Pass","Pass","Pass","Pass","Pass","Pass","Pass","Pass","Pass","No"
"CHANGEAS75","Pass","Pass","Pass","Pass","Pass","Pass","Pass","Pass","Pass","Pass","Pass","Pass","Pass","Pass","Pass","Pass","Pass","Pass","Pass","Pass","Pass","Pass","Pass","Pass","Pass","Pass","Pass","Pass","Pass","Pass","Pass","Pass","Pass","Pass","Pass","Pass","Pass","Pass","Pass","Pass","Pass","Pass","Pass","Pass","Pass","Pass","Pass","Pass","Pass","Pass","Pass","Pass","Pass","Pass","Pass","Pass","Pass","Pass","Pass","Pass","Pass","Pass","Pass","Pass","Pass","Pass","Pass","Pass","Pass","Pass","Pass","Pass","Pass","Pass","Pass","Pass","Pass","Pass","Pass","Pass","Pass","Pass","Pass","Pass","Pass","Pass","Pass","Pass","Pass","Pass","Pass","Pass","Pass","Pass","Pass","Pass","Pass","Pass","Pass","Pass","Pass","Pass","Pass","Pass","Pass","Pass","Pass","Pass","Pass","No"
"CHANGEAS76","Pass","Pass","Pass","Pass","Pass","Pass","Pass","Pass","Pass","Pass","Pass","Pass","Pass","Pass","Pass","Pass","Pass","Pass","Pass","Pass","Pass","Pass","Pass","Pass","Fail","Pass","Pass","Pass","Pass","Pass","Pass","Pass","Pass","Pass","Pass","Pass","Pass","Pass","Pass","Pass","Pass","Pass","Pass","Pass","Pass","Pass","Pass","Pass","Pass","Pass","Pass","Pass","Pass","Pass","Pass","Pass","Pass","Pass","Pass","Pass","Pass","Pass","Pass","Pass","Pass","Pass","Pass","Pass","Pass","Pass","Pass","Pass","Pass","Pass","Pass","Pass","Pass","Pass","Pass","Pass","Pass","Pass","Pass","Pass","Pass","Pass","Pass","Pass","Pass","Pass","Pass","Pass","Pass","Pass","Pass","Pass","Pass","Pass","Pass","Pass","Pass","Pass","Pass","Pass","Pass","Pass","Pass","Pass","Pass","Yes"
"CHANGEAS77","Pass","Pass","Pass","Pass","Pass","Pass","Pass","Pass","Pass","Pass","Pass","Pass","Pass","Pass","Pass","Pass","Pass","Pass","Pass","Pass","Pass","Pass","Pass","Pass","Fail","Pass","Pass","Pass","Pass","Pass","Pass","Pass","Pass","Pass","Pass","Pass","Pass","Pass","Pass","Pass","Pass","Pass","Pass","Pass","Pass","Pass","Pass","Pass","Pass","Pass","Pass","Pass","Pass","Pass","Pass","Pass","Pass","Pass","Pass","Pass","Pass","Pass","Pass","Pass","Pass","Pass","Pass","Pass","Pass","Pass","Pass","Pass","Pass","Pass","Pass","Pass","Pass","Pass","Pass","Pass","Pass","Pass","Pass","Pass","Pass","Pass","Pass","Pass","Pass","Pass","Pass","Pass","Pass","Pass","Pass","Pass","Pass","Pass","Pass","Pass","Pass","Pass","Pass","Pass","Pass","Pass","Pass","Pass","Pass","Yes"
"CHANGEAS78","Pass","Pass","Pass","Pass","Pass","Pass","Pass","Pass","Pass","Pass","Pass","Pass","Pass","Pass","Pass","Pass","Pass","Pass","Pass","Pass","Pass","Pass","Pass","Pass","Pass","Pass","Pass","Pass","Pass","Pass","Pass","Pass","Pass","Pass","Pass","Pass","Pass","Pass","Pass","Pass","Pass","Pass","Pass","Pass","Pass","Pass","Pass","Pass","Pass","Pass","Pass","Pass","Pass","Pass","Pass","Pass","Pass","Pass","Pass","Pass","Pass","Pass","Pass","Pass","Pass","Pass","Pass","Pass","Pass","Pass","Pass","Pass","Pass","Pass","Pass","Pass","Pass","Pass","Pass","Pass","Pass","Pass","Pass","Pass","Pass","Pass","Pass","Pass","Pass","Pass","Pass","Pass","Pass","Pass","Pass","Pass","Pass","Pass","Pass","Pass","Pass","Pass","Pass","Pass","Pass","Pass","Pass","Pass","Pass","No"
"CHANGEAS79","Pass","Pass","Pass","Pass","Pass","Pass","Pass","Pass","Pass","Pass","Pass","Pass","Pass","Pass","Pass","Pass","Pass","Pass","Pass","Pass","Pass","Pass","Pass","Pass","Fail","Pass","Pass","Pass","Pass","Pass","Pass","Pass","Pass","Pass","Pass","Pass","Pass","Pass","Pass","Pass","Pass","Pass","Pass","Pass","Pass","Pass","Pass","Pass","Pass","Pass","Pass","Pass","Pass","Pass","Pass","Pass","Pass","Pass","Pass","Pass","Pass","Pass","Pass","Pass","Pass","Pass","Pass","Pass","Pass","Pass","Pass","Pass","Pass","Pass","Pass","Pass","Pass","Pass","Pass","Pass","Pass","Pass","Pass","Pass","Pass","Fail","Fail","Pass","Fail","Pass","Pass","Pass","Pass","Pass","Pass","Pass","Pass","Pass","Pass","Pass","Pass","Pass","Pass","Pass","Pass","Pass","Pass","Pass","Pass","Yes"
"CHANGEAS80","Pass","Pass","Pass","Pass","Pass","Pass","Pass","Pass","Pass","Pass","Pass","Pass","Pass","Pass","Pass","Pass","Pass","Pass","Pass","Pass","Pass","Pass","Pass","Pass","Pass","Pass","Pass","Pass","Pass","Pass","Pass","Pass","Pass","Pass","Pass","Pass","Pass","Pass","Pass","Pass","Pass","Pass","Pass","Pass","Pass","Pass","Pass","Pass","Pass","Pass","Pass","Pass","Pass","Pass","Pass","Pass","Pass","Pass","Pass","Pass","Pass","Pass","Pass","Pass","Pass","Pass","Pass","Pass","Pass","Pass","Pass","Pass","Pass","Pass","Pass","Pass","Pass","Pass","Pass","Pass","Pass","Pass","Pass","Pass","Pass","Pass","Pass","Pass","Pass","Pass","Pass","Pass","Pass","Pass","Pass","Pass","Pass","Pass","Pass","Pass","Pass","Pass","Pass","Pass","Pass","Pass","Pass","Pass","Pass","No"
"CHANGEAS81","Pass","Pass","Pass","Pass","Pass","Pass","Pass","Pass","Pass","Pass","Pass","Pass","Pass","Pass","Pass","Pass","Pass","Pass","Pass","Pass","Pass","Pass","Pass","Pass","Fail","Pass","Pass","Pass","Pass","Pass","Pass","Pass","Pass","Pass","Pass","Pass","Pass","Pass","Pass","Pass","Pass","Pass","Pass","Pass","Pass","Pass","Pass","Pass","Pass","Pass","Pass","Pass","Pass","Pass","Pass","Pass","Pass","Pass","Pass","Pass","Pass","Pass","Pass","Pass","Pass","Pass","Pass","Pass","Pass","Pass","Pass","Pass","Pass","Pass","Pass","Pass","Pass","Pass","Pass","Pass","Pass","Pass","Pass","Pass","Pass","Pass","Pass","Pass","Pass","Pass","Pass","Pass","Pass","Pass","Pass","Pass","Pass","Pass","Pass","Pass","Pass","Pass","Pass","Pass","Pass","Pass","Pass","Pass","Pass","Yes"
"CHANGEAS82","Pass","Pass","Pass","Pass","Pass","Pass","Pass","Pass","Pass","Pass","Pass","Pass","Pass","Pass","Pass","Pass","Pass","Pass","Pass","Pass","Pass","Pass","Pass","Pass","Fail","Pass","Pass","Pass","Pass","Pass","Pass","Pass","Pass","Pass","Pass","Pass","Pass","Pass","Pass","Pass","Pass","Pass","Pass","Pass","Pass","Pass","Pass","Pass","Pass","Pass","Pass","Pass","Pass","Pass","Pass","Pass","Pass","Pass","Pass","Pass","Pass","Pass","Pass","Pass","Pass","Pass","Pass","Pass","Pass","Pass","Pass","Pass","Pass","Pass","Pass","Pass","Pass","Pass","Pass","Pass","Pass","Pass","Pass","Pass","Pass","Pass","Pass","Pass","Pass","Pass","Pass","Pass","Pass","Pass","Pass","Pass","Pass","Pass","Pass","Pass","Pass","Pass","Pass","Pass","Pass","Pass","Pass","Pass","Pass","Yes"
"CHANGEAS83","Pass","Pass","Pass","Pass","Pass","Pass","Pass","Pass","Pass","Pass","Pass","Pass","Pass","Pass","Pass","Pass","Pass","Pass","Pass","Pass","Pass","Pass","Pass","Pass","Pass","Pass","Pass","Pass","Pass","Pass","Pass","Pass","Pass","Pass","Pass","Pass","Pass","Pass","Pass","Pass","Pass","Pass","Pass","Pass","Pass","Pass","Pass","Pass","Pass","Pass","Pass","Pass","Pass","Pass","Pass","Pass","Pass","Pass","Pass","Pass","Pass","Pass","Pass","Pass","Pass","Pass","Pass","Pass","Pass","Pass","Pass","Pass","Pass","Pass","Pass","Pass","Pass","Pass","Pass","Pass","Pass","Pass","Pass","Pass","Pass","Pass","Pass","Pass","Pass","Pass","Pass","Pass","Pass","Pass","Pass","Pass","Pass","Pass","Pass","Pass","Pass","Pass","Pass","Pass","Pass","Pass","Pass","Pass","Pass","No"
"CHANGEAS84","Pass","Pass","Pass","Pass","Pass","Pass","Pass","Pass","Pass","Pass","Pass","Pass","Pass","Pass","Pass","Pass","Pass","Pass","Pass","Pass","Pass","Pass","Pass","Pass","Pass","Pass","Pass","Pass","Pass","Pass","Pass","Pass","Pass","Pass","Pass","Pass","Pass","Pass","Pass","Pass","Pass","Pass","Pass","Pass","Pass","Pass","Pass","Pass","Pass","Pass","Pass","Pass","Pass","Pass","Pass","Pass","Pass","Pass","Pass","Pass","Pass","Pass","Pass","Pass","Pass","Pass","Pass","Pass","Pass","Pass","Pass","Pass","Pass","Pass","Pass","Pass","Pass","Pass","Pass","Pass","Pass","Pass","Pass","Pass","Pass","Pass","Pass","Pass","Pass","Pass","Pass","Pass","Pass","Pass","Pass","Pass","Pass","Pass","Pass","Pass","Pass","Pass","Pass","Pass","Pass","Pass","Pass","Pass","Pass","No"
"CHANGEAS85","Pass","Pass","Pass","Pass","Pass","Pass","Pass","Pass","Pass","Pass","Pass","Pass","Pass","Pass","Pass","Pass","Pass","Pass","Pass","Pass","Pass","Pass","Pass","Pass","Pass","Pass","Pass","Pass","Pass","Pass","Pass","Pass","Pass","Pass","Pass","Pass","Pass","Pass","Pass","Pass","Pass","Pass","Pass","Pass","Pass","Pass","Pass","Pass","Pass","Pass","Pass","Pass","Pass","Pass","Pass","Pass","Pass","Pass","Pass","Pass","Pass","Pass","Pass","Pass","Pass","Pass","Pass","Pass","Pass","Pass","Pass","Pass","Pass","Pass","Pass","Pass","Pass","Pass","Pass","Pass","Pass","Pass","Pass","Pass","Pass","Pass","Pass","Pass","Pass","Pass","Pass","Pass","Pass","Pass","Pass","Pass","Pass","Pass","Pass","Pass","Pass","Pass","Pass","Pass","Pass","Pass","Pass","Pass","Pass","No"
"CHANGEAS86","Pass","Pass","Pass","Pass","Pass","Pass","Pass","Pass","Pass","Pass","Pass","Fail","Pass","Pass","Pass","Pass","Pass","Pass","Pass","Pass","Pass","Pass","Pass","Pass","Pass","Pass","Pass","Pass","Pass","Pass","Pass","Pass","Pass","Pass","Pass","Pass","Pass","Pass","Pass","Pass","Pass","Pass","Pass","Pass","Pass","Pass","Pass","Pass","Pass","Pass","Pass","Pass","Pass","Pass","Pass","Pass","Pass","Pass","Pass","Pass","Pass","Pass","Pass","Pass","Pass","Pass","Pass","Pass","Pass","Pass","Pass","Pass","Pass","Pass","Pass","Pass","Pass","Pass","Pass","Pass","Pass","Pass","Pass","Pass","Pass","Pass","Pass","Pass","Pass","Pass","Pass","Pass","Pass","Pass","Pass","Pass","Pass","Pass","Pass","Pass","Pass","Pass","Pass","Pass","Pass","Pass","Pass","Pass","Pass","Yes"
"CHANGEAS87","Pass","Pass","Pass","Pass","Pass","Pass","Pass","Pass","Pass","Pass","Pass","Fail","Pass","Pass","Pass","Pass","Pass","Pass","Pass","Pass","Pass","Pass","Pass","Pass","Pass","Pass","Pass","Pass","Pass","Pass","Pass","Pass","Pass","Pass","Pass","Pass","Pass","Pass","Pass","Pass","Pass","Pass","Pass","Pass","Pass","Pass","Pass","Pass","Pass","Pass","Pass","Pass","Pass","Pass","Pass","Pass","Pass","Pass","Pass","Pass","Pass","Pass","Pass","Pass","Pass","Pass","Pass","Pass","Pass","Pass","Pass","Pass","Pass","Pass","Pass","Pass","Pass","Pass","Pass","Pass","Pass","Pass","Pass","Pass","Pass","Pass","Pass","Pass","Pass","Pass","Pass","Pass","Pass","Pass","Pass","Pass","Pass","Pass","Pass","Pass","Pass","Pass","Pass","Pass","Pass","Pass","Pass","Pass","Pass","Yes"
"CHANGEAS88","Pass","Pass","Pass","Pass","Pass","Pass","Pass","Pass","Pass","Pass","Pass","Pass","Pass","Pass","Pass","Pass","Pass","Pass","Pass","Pass","Pass","Pass","Pass","Pass","Pass","Pass","Pass","Pass","Pass","Pass","Pass","Pass","Pass","Pass","Pass","Pass","Pass","Pass","Pass","Pass","Pass","Pass","Pass","Pass","Pass","Pass","Pass","Pass","Pass","Pass","Pass","Pass","Pass","Pass","Pass","Pass","Pass","Pass","Pass","Pass","Pass","Pass","Pass","Pass","Pass","Pass","Pass","Pass","Pass","Pass","Pass","Pass","Pass","Pass","Pass","Pass","Pass","Pass","Pass","Pass","Pass","Pass","Pass","Pass","Pass","Pass","Pass","Pass","Pass","Pass","Pass","Pass","Pass","Pass","Pass","Pass","Pass","Pass","Pass","Pass","Pass","Pass","Pass","Pass","Pass","Pass","Pass","Pass","Pass","No"
"CHANGEAS89","Pass","Pass","Pass","Pass","Pass","Pass","Pass","Pass","Pass","Pass","Pass","Fail","Pass","Pass","Pass","Pass","Pass","Pass","Pass","Pass","Pass","Pass","Pass","Pass","Pass","Pass","Pass","Pass","Pass","Pass","Pass","Pass","Pass","Pass","Pass","Pass","Pass","Pass","Pass","Pass","Pass","Pass","Pass","Pass","Pass","Pass","Pass","Pass","Pass","Pass","Pass","Pass","Pass","Pass","Pass","Pass","Pass","Pass","Pass","Pass","Pass","Pass","Pass","Pass","Pass","Pass","Pass","Pass","Pass","Pass","Pass","Pass","Pass","Pass","Pass","Fail","Pass","Pass","Pass","Pass","Pass","Pass","Pass","Pass","Pass","Pass","Pass","Pass","Pass","Pass","Pass","Pass","Pass","Pass","Pass","Pass","Pass","Pass","Pass","Pass","Pass","Pass","Fail","Pass","Pass","Fail","Pass","Pass","Pass","Yes"
"CHANGEAS90","Pass","Pass","Pass","Pass","Pass","Pass","Pass","Pass","Pass","Pass","Pass","Fail","Pass","Pass","Pass","Pass","Pass","Pass","Pass","Pass","Pass","Pass","Pass","Pass","Pass","Pass","Pass","Pass","Pass","Pass","Pass","Pass","Pass","Pass","Pass","Pass","Pass","Pass","Pass","Pass","Pass","Pass","Pass","Pass","Pass","Pass","Pass","Pass","Pass","Pass","Pass","Pass","Pass","Pass","Pass","Pass","Pass","Pass","Pass","Pass","Pass","Pass","Pass","Pass","Pass","Pass","Pass","Pass","Pass","Pass","Pass","Pass","Pass","Pass","Pass","Pass","Pass","Pass","Pass","Pass","Pass","Pass","Pass","Pass","Pass","Pass","Pass","Pass","Pass","Pass","Pass","Pass","Pass","Pass","Pass","Pass","Pass","Pass","Pass","Pass","Pass","Pass","Pass","Pass","Pass","Pass","Pass","Pass","Pass","Yes"
"CHANGEAS91","Pass","Pass","Pass","Pass","Pass","Pass","Pass","Pass","Pass","Pass","Pass","Fail","Pass","Pass","Pass","Pass","Pass","Pass","Pass","Pass","Pass","Pass","Pass","Pass","Pass","Pass","Pass","Pass","Pass","Pass","Pass","Pass","Pass","Pass","Pass","Pass","Pass","Pass","Pass","Pass","Pass","Pass","Pass","Pass","Pass","Pass","Pass","Pass","Pass","Pass","Pass","Pass","Pass","Pass","Pass","Pass","Pass","Pass","Pass","Pass","Pass","Pass","Pass","Pass","Pass","Pass","Pass","Pass","Pass","Pass","Pass","Pass","Pass","Pass","Pass","Pass","Pass","Pass","Pass","Pass","Pass","Pass","Pass","Pass","Pass","Pass","Pass","Pass","Pass","Pass","Pass","Pass","Pass","Pass","Pass","Pass","Pass","Pass","Pass","Pass","Pass","Pass","Pass","Pass","Pass","Pass","Pass","Pass","Pass","Yes"
"CHANGEAS92","Pass","Pass","Pass","Pass","Pass","Pass","Pass","Pass","Pass","Pass","Pass","Pass","Pass","Pass","Pass","Pass","Pass","Pass","Pass","Pass","Pass","Pass","Pass","Pass","Pass","Pass","Pass","Pass","Pass","Pass","Pass","Pass","Pass","Pass","Pass","Pass","Pass","Pass","Pass","Pass","Pass","Pass","Pass","Pass","Pass","Pass","Pass","Pass","Pass","Pass","Pass","Pass","Pass","Pass","Pass","Pass","Pass","Pass","Pass","Pass","Pass","Pass","Pass","Pass","Pass","Pass","Pass","Pass","Pass","Pass","Pass","Pass","Pass","Pass","Pass","Pass","Pass","Pass","Pass","Pass","Pass","Pass","Pass","Pass","Pass","Pass","Pass","Pass","Pass","Pass","Pass","Pass","Pass","Pass","Pass","Pass","Pass","Pass","Pass","Pass","Pass","Pass","Pass","Pass","Pass","Pass","Pass","Pass","Pass","No"
"CHANGEAS93","Pass","Pass","Pass","Pass","Pass","Pass","Pass","Pass","Pass","Pass","Pass","Pass","Pass","Pass","Pass","Pass","Pass","Pass","Pass","Pass","Pass","Pass","Pass","Pass","Pass","Pass","Pass","Pass","Pass","Pass","Pass","Pass","Pass","Pass","Pass","Pass","Pass","Pass","Pass","Pass","Pass","Pass","Pass","Pass","Pass","Pass","Pass","Pass","Pass","Pass","Pass","Pass","Pass","Pass","Pass","Pass","Pass","Pass","Pass","Pass","Pass","Pass","Pass","Pass","Pass","Pass","Pass","Pass","Pass","Pass","Pass","Pass","Pass","Pass","Pass","Pass","Pass","Pass","Pass","Pass","Pass","Pass","Pass","Pass","Pass","Pass","Pass","Pass","Pass","Pass","Pass","Pass","Pass","Pass","Pass","Pass","Pass","Pass","Pass","Pass","Pass","Pass","Pass","Pass","Pass","Pass","Pass","Pass","Pass","No"
"CHANGEAS94","Pass","Pass","Pass","Pass","Pass","Pass","Pass","Pass","Pass","Pass","Pass","Pass","Pass","Pass","Pass","Pass","Pass","Pass","Pass","Pass","Pass","Pass","Pass","Pass","Pass","Pass","Pass","Pass","Pass","Pass","Pass","Pass","Pass","Pass","Pass","Pass","Pass","Pass","Pass","Pass","Pass","Pass","Pass","Pass","Pass","Pass","Pass","Pass","Pass","Pass","Pass","Pass","Pass","Pass","Pass","Pass","Pass","Pass","Pass","Pass","Pass","Pass","Pass","Pass","Pass","Pass","Pass","Pass","Pass","Pass","Pass","Pass","Pass","Pass","Pass","Pass","Pass","Pass","Pass","Pass","Pass","Pass","Pass","Pass","Pass","Pass","Pass","Pass","Pass","Pass","Pass","Pass","Pass","Pass","Pass","Pass","Pass","Pass","Pass","Pass","Pass","Pass","Pass","Pass","Pass","Pass","Pass","Pass","Pass","No"
"CHANGEAS95","Pass","Pass","Pass","Pass","Pass","Pass","Pass","Pass","Pass","Pass","Pass","Pass","Pass","Pass","Pass","Pass","Pass","Pass","Pass","Pass","Pass","Pass","Pass","Pass","Pass","Pass","Pass","Pass","Pass","Pass","Pass","Pass","Pass","Pass","Pass","Pass","Pass","Pass","Pass","Pass","Pass","Pass","Pass","Pass","Pass","Pass","Pass","Pass","Pass","Pass","Pass","Pass","Pass","Pass","Pass","Pass","Pass","Pass","Pass","Pass","Pass","Pass","Pass","Pass","Pass","Pass","Pass","Pass","Pass","Pass","Pass","Pass","Pass","Pass","Pass","Pass","Pass","Pass","Pass","Pass","Pass","Pass","Pass","Pass","Pass","Pass","Pass","Pass","Pass","Pass","Pass","Pass","Pass","Pass","Pass","Pass","Pass","Pass","Pass","Pass","Pass","Pass","Pass","Pass","Pass","Pass","Pass","Pass","Pass","No"
"CHANGEAS96","Pass","Pass","Pass","Pass","Pass","Pass","Pass","Pass","Pass","Pass","Pass","Pass","Pass","Pass","Pass","Pass","Pass","Pass","Pass","Pass","Pass","Pass","Pass","Pass","Pass","Pass","Pass","Pass","Pass","Pass","Pass","Pass","Pass","Pass","Pass","Pass","Pass","Pass","Pass","Pass","Pass","Pass","Pass","Pass","Pass","Pass","Pass","Pass","Pass","Pass","Pass","Pass","Pass","Pass","Pass","Pass","Pass","Pass","Pass","Pass","Pass","Pass","Pass","Pass","Pass","Pass","Pass","Pass","Pass","Pass","Pass","Pass","Pass","Pass","Pass","Pass","Pass","Pass","Pass","Pass","Pass","Pass","Pass","Pass","Pass","Pass","Pass","Pass","Pass","Pass","Pass","Pass","Pass","Pass","Pass","Pass","Pass","Pass","Pass","Pass","Pass","Pass","Pass","Pass","Pass","Pass","Pass","Pass","Pass","No"
"CHANGEAS97","Pass","Pass","Pass","Pass","Pass","Pass","Pass","Pass","Pass","Pass","Pass","Pass","Pass","Pass","Pass","Pass","Pass","Pass","Pass","Pass","Pass","Pass","Pass","Pass","Pass","Pass","Pass","Pass","Pass","Pass","Pass","Pass","Pass","Pass","Pass","Pass","Pass","Pass","Pass","Pass","Pass","Pass","Pass","Pass","Pass","Pass","Pass","Pass","Pass","Pass","Pass","Pass","Pass","Pass","Pass","Pass","Pass","Pass","Pass","Pass","Pass","Pass","Pass","Pass","Pass","Pass","Pass","Pass","Pass","Pass","Pass","Pass","Pass","Pass","Pass","Pass","Pass","Pass","Pass","Pass","Pass","Pass","Pass","Pass","Pass","Pass","Pass","Pass","Pass","Pass","Pass","Pass","Pass","Pass","Pass","Pass","Pass","Pass","Pass","Pass","Pass","Pass","Pass","Pass","Pass","Pass","Pass","Pass","Pass","No"
"CHANGEAS98","Pass","Pass","Pass","Pass","Pass","Pass","Pass","Pass","Pass","Pass","Pass","Pass","Pass","Pass","Pass","Pass","Pass","Pass","Pass","Pass","Pass","Pass","Pass","Pass","Pass","Pass","Pass","Pass","Pass","Pass","Pass","Pass","Pass","Pass","Pass","Pass","Pass","Pass","Pass","Pass","Pass","Pass","Pass","Pass","Pass","Pass","Pass","Pass","Pass","Pass","Pass","Pass","Pass","Pass","Pass","Pass","Pass","Pass","Pass","Pass","Pass","Pass","Pass","Pass","Pass","Pass","Pass","Pass","Pass","Pass","Pass","Pass","Pass","Pass","Pass","Pass","Pass","Pass","Pass","Pass","Pass","Pass","Pass","Pass","Pass","Pass","Pass","Pass","Pass","Pass","Pass","Pass","Pass","Pass","Pass","Pass","Pass","Pass","Pass","Pass","Pass","Pass","Pass","Pass","Pass","Pass","Pass","Pass","Pass","No"
"CHANGEAS99","Pass","Pass","Pass","Pass","Pass","Pass","Pass","Pass","Pass","Pass","Pass","Pass","Pass","Pass","Pass","Pass","Pass","Pass","Pass","Pass","Pass","Pass","Pass","Pass","Pass","Pass","Pass","Pass","Pass","Pass","Pass","Pass","Pass","Pass","Pass","Pass","Pass","Pass","Pass","Pass","Pass","Pass","Pass","Pass","Pass","Pass","Pass","Pass","Pass","Pass","Pass","Pass","Pass","Pass","Pass","Pass","Pass","Pass","Pass","Pass","Pass","Pass","Pass","Pass","Pass","Pass","Pass","Pass","Pass","Pass","Pass","Pass","Pass","Pass","Pass","Pass","Pass","Pass","Pass","Fail","Fail","Fail","Pass","Pass","Pass","Pass","Pass","Pass","Pass","Pass","Pass","Pass","Pass","Pass","Pass","Pass","Pass","Pass","Pass","Pass","Pass","Pass","Pass","Pass","Pass","Pass","Pass","Pass","Pass","Yes"
"CHANGEAS100","Pass","Pass","Pass","Pass","Pass","Pass","Pass","Pass","Pass","Pass","Pass","Pass","Pass","Pass","Pass","Pass","Pass","Pass","Pass","Pass","Pass","Pass","Pass","Pass","Pass","Pass","Pass","Pass","Pass","Pass","Pass","Pass","Pass","Pass","Pass","Pass","Pass","Pass","Pass","Pass","Pass","Pass","Pass","Pass","Pass","Pass","Pass","Pass","Pass","Pass","Pass","Pass","Pass","Pass","Pass","Pass","Pass","Pass","Pass","Pass","Pass","Pass","Pass","Pass","Pass","Pass","Pass","Pass","Pass","Pass","Pass","Pass","Pass","Pass","Pass","Pass","Pass","Pass","Pass","Pass","Pass","Pass","Pass","Pass","Pass","Pass","Pass","Pass","Pass","Pass","Pass","Pass","Pass","Pass","Pass","Pass","Pass","Pass","Pass","Pass","Pass","Pass","Pass","Pass","Pass","Pass","Pass","Pass","Pass","No"
"CHANGEAS101","Pass","Pass","Pass","Pass","Pass","Pass","Pass","Pass","Pass","Pass","Pass","Pass","Pass","Pass","Pass","Pass","Pass","Pass","Pass","Pass","Pass","Pass","Pass","Pass","Pass","Pass","Pass","Pass","Pass","Pass","Pass","Pass","Pass","Pass","Pass","Pass","Pass","Pass","Pass","Pass","Pass","Pass","Pass","Pass","Pass","Pass","Pass","Pass","Pass","Pass","Pass","Pass","Pass","Pass","Pass","Pass","Pass","Pass","Pass","Pass","Pass","Pass","Pass","Pass","Pass","Pass","Pass","Pass","Pass","Pass","Pass","Pass","Pass","Pass","Pass","Pass","Pass","Pass","Pass","Pass","Pass","Pass","Pass","Pass","Pass","Pass","Pass","Pass","Pass","Pass","Pass","Pass","Pass","Pass","Pass","Pass","Pass","Pass","Pass","Pass","Pass","Pass","Pass","Pass","Pass","Pass","Pass","Pass","Pass","No"
"CHANGEAS102","Pass","Pass","Pass","Pass","Pass","Pass","Pass","Pass","Pass","Pass","Pass","Pass","Pass","Pass","Pass","Pass","Pass","Pass","Pass","Pass","Pass","Pass","Pass","Pass","Pass","Pass","Pass","Pass","Pass","Pass","Pass","Pass","Pass","Pass","Pass","Pass","Pass","Pass","Pass","Pass","Pass","Pass","Pass","Pass","Pass","Pass","Pass","Pass","Pass","Pass","Pass","Pass","Pass","Pass","Pass","Pass","Pass","Pass","Pass","Pass","Pass","Pass","Pass","Pass","Pass","Pass","Pass","Pass","Pass","Pass","Pass","Pass","Pass","Pass","Pass","Pass","Pass","Pass","Pass","Pass","Pass","Pass","Pass","Pass","Pass","Pass","Pass","Pass","Pass","Pass","Pass","Pass","Pass","Pass","Pass","Pass","Pass","Pass","Pass","Pass","Pass","Pass","Pass","Pass","Pass","Pass","Pass","Pass","Pass","No"
"CHANGEAS103","Pass","Pass","Pass","Pass","Pass","Pass","Pass","Pass","Pass","Pass","Pass","Pass","Pass","Pass","Pass","Pass","Pass","Pass","Pass","Pass","Pass","Pass","Pass","Pass","Pass","Pass","Pass","Pass","Pass","Pass","Pass","Pass","Pass","Pass","Pass","Pass","Pass","Pass","Pass","Pass","Pass","Pass","Pass","Pass","Pass","Pass","Pass","Pass","Pass","Pass","Pass","Pass","Pass","Pass","Pass","Pass","Pass","Pass","Pass","Pass","Pass","Pass","Pass","Pass","Pass","Pass","Pass","Pass","Pass","Pass","Pass","Pass","Pass","Pass","Pass","Pass","Pass","Pass","Pass","Pass","Pass","Pass","Pass","Pass","Pass","Pass","Pass","Pass","Pass","Pass","Pass","Pass","Pass","Pass","Pass","Pass","Pass","Pass","Pass","Pass","Pass","Pass","Pass","Pass","Pass","Pass","Pass","Pass","Pass","No"
