"UA1","r","OA2"
"UA1","x","OA2"
"UA1","r","O1"
"UA1","w","O1"
"UA1","x","O1"
"UA1","r","O2"
"UA1","x","O2"
"UA1","test","UA1"
"UA1","add","UA3"
"UA1","test","UA2"
"UA1","test","U1"
"UA1","test","U2"
"UA1","add","U3"
"UA1","r","OA1"
"UA1","w","OA1"
"UA1","x","OA1"
"UA2","r","OA2"
"UA2","x","OA2"
"UA2","r","O1"
"UA2","x","O1"
"UA2","r","O2"
"UA2","x","O2"
"UA2","r","OA1"
"UA2","x","OA1"
"U1","r","OA2"
"U1","x","OA2"
"U1","r","O1"
"U1","w","O1"
"U1","x","O1"
"U1","r","O2"
"U1","x","O2"
"U1","test","UA1"
"U1","add","UA3"
"U1","test","UA2"
"U1","test","U1"
"U1","test","U2"
"U1","add","U3"
"U1","r","OA1"
"U1","w","OA1"
"U1","x","OA1"
"U2","r","OA2"
"U2","x","OA2"
"U2","r","O1"
"U2","x","O1"
"U2","r","O2"
"U2","x","O2"
"U2","r","OA1"
"U2","x","OA1"
