"1","UA1","OA2","add","false"
"2","UA1","UA3","x","false"
"3","UA1","UA2","add","false"
"4","UA1","U2","x","false"
"5","UA3","U2","test","false"
"6","UA3","OA1","x","false"
"7","UA2","UA1","r","false"
"8","UA2","UA3","test","false"
"9","UA2","UA2","w","false"
"10","UA2","U1","x","false"
"11","UA2","O1","w","false"
"12","U1","UA1","add","false"
"13","U1","UA3","r","false"
"14","U1","UA2","test","true"
"15","U1","U1","w","false"
"16","U1","U3","x","false"
"17","U1","O1","add","false"
"18","U1","O2","add","false"
"19","U2","UA3","add","false"
"20","U2","UA2","r","false"
"21","U2","U1","test","false"
"22","U2","U2","w","false"
"23","U2","OA1","w","false"
"24","U2","OA2","x","true"
"25","U2","UA1","test","false"
"26","U3","U1","r","false"
"27","U3","U3","w","false"
"28","U3","UA1","x","false"
"29","U1","U2","r","false"
"30","UA1","U3","test","false"
"31","UA1","UA1","x","false"
"32","UA3","OA2","r","false"
"33","U3","O1","w","false"
"34","UA2","O2","add","false"
"35","U3","UA3","w","false"
"36","UA1","OA1","test","false"
"37","UA2","OA2","x","true"
"38","UA1","O1","r","true"
"39","UA1","O2","r","true"
"40","UA2","U3","add","false"
"41","U1","OA1","r","true"
"42","U3","O2","test","false"
"43","U1","OA2","w","false"
"44","U2","O1","x","true"
"45","U2","O2","x","true"
"46","UA3","UA1","w","false"
"47","UA1","U1","r","false"
"48","UA2","U2","add","false"
"49","U3","OA1","add","false"
"50","U3","OA2","test","false"
"51","UA1","O1","w","true"
"52","UA3","O2","x","false"
"53","U3","UA2","x","false"
"54","UA3","U1","test","false"
"55","U3","U2","r","false"
"56","UA3","U3","r","false"
"57","UA3","O1","test","false"
"58","U3","O2","w","false"
"59","UA3","UA3","add","false"
"60","UA3","UA2","r","false"
"61","UA2","U1","add","false"
"62","U2","U3","x","false"
"63","UA2","OA1","r","true"
"64","U2","U1","r","false"
"65","U1","U3","w","false"
"66","U3","OA1","x","false"
"67","U1","O2","test","false"
"68","U2","O1","add","false"
"69","UA3","O2","r","false"
"70","UA2","O1","w","false"
"71","UA1","UA1","x","false"
"72","UA2","U2","add","false"
"73","U3","UA1","test","false"
"74","UA3","O1","test","false"
"75","UA1","U3","test","false"
"76","U3","U3","add","false"
"77","UA1","OA2","w","false"
"78","UA3","U3","x","false"
"79","U3","UA2","r","false"
"80","U1","U2","x","false"
"81","UA2","U1","test","false"
"82","U2","UA2","w","false"
"83","UA1","UA3","r","false"
"84","U1","UA1","add","false"
"85","UA3","UA3","w","false"
"86","UA2","U3","r","false"
"87","UA2","OA2","x","true"
"88","U2","UA3","x","false"
"89","UA3","OA1","add","false"
"90","U3","O2","w","false"
"91","U2","OA2","test","false"
"92","UA1","UA2","add","false"
"93","UA1","U1","x","false"
"94","U2","U2","test","false"
"95","U1","OA1","r","true"
"96","U1","OA2","r","true"
"97","U3","U2","r","false"
"98","U3","O1","x","false"
"99","UA2","OA1","w","false"
"100","UA1","O2","x","true"
"101","UA2","UA3","add","false"
"102","UA3","UA2","test","false"
"103","U3","U1","add","false"
"104","U2","UA1","w","false"
"105","U1","UA2","x","false"
"106","UA3","UA1","r","false"
"107","U2","OA1","test","false"
"108","U1","U1","w","false"
"109","UA3","U2","w","false"
"110","U1","UA3","test","false"
"111","UA3","OA2","add","false"
"112","UA2","O2","add","false"
"113","UA1","U2","r","false"
"114","U1","O1","r","true"
"115","U2","O2","add","false"
"116","UA2","UA2","test","false"
"117","UA1","O1","w","true"
"118","U3","OA2","x","false"
"119","UA2","UA1","w","false"
"120","UA3","U1","test","false"
"121","U3","UA3","r","false"
"122","UA1","OA1","test","false"
"123","U2","U3","test","false"
